0.432147563,0.414513192,,,,,,,,,,,,,
0.329809725,22.47398351,,,,,,,,,,,,,
0.543553179,0.246739524,,,,,,,,,,,,,
0.27747353,3.855566571,,,,,,,,,,,,,
0.407364787,1.831120334,,,,,2,2,2,,10,2,2,,4
0.492163009,1.303574446,,,,,1,2,3,,8,0,3,,
0.397941681,1.440461767,,,,,,,,,,,,,
0.454545455,0.063614221,,,,,,,,,,,,,
0.536118763,1.305026383,,,,,,,,,,,,,
0.283227007,2.619910723,,,,,,,,,,,,,
0.475358193,0.049945531,,,,,,,,,4,,,,
0.502583209,2.998842374,,,,,,,,,5,,,,
0.520234604,0.070371881,,,,,,,,,,,,,
0.489177489,0.301613999,,,,,,,,,,,,,
0.44077135,0.105511076,,,,,,,,,,,,,
0.38801054,12.4229481,,,,,,,,,,,,,
0.471398921,1.687000218,,,,,,,,,,,,,
0.624029528,0.233698503,,,,,,,,,,,,,
0.388444888,7.542404694,,,,,,,,,,,,,
0.398268398,1.987392275,,,,,,,,,,,,,
0.471689601,1.498734061,,,,,,,,,,,,,
0.411214953,0.624136724,,,,,,,,,,,,,
0.476943347,1.338874096,,,,,,,,,,,,,
0.363636364,1.847841552,,,,,,,,,,,,,
0.431545489,0.628355034,,,,,,,,,,,,,
0.437135823,2.097472766,,,,,,,,,,,,,
0.127272727,0.398044188,,,,,,,,,,,,,
0.416617633,2.658343715,,,,,,,,,,,,,
0.545454545,0.009382709,,,,,,,,,,,,,
0.237762238,1.14373418,,,,,,,,,,,,,
0.566666667,0.366457397,,,,,,,,,,,,,
0.417690418,0.216284597,,,,,,,,,,,,,
0.568831169,0.794064063,,,,,,,,,,,,,
0.490909091,0.568126088,,,,,,,,,,,,,
0.467754468,21.1400952,,,,,,,,,,,,,
0.592302588,0.176893702,,,,,,,,,,,,,
0.163636364,39.54407469,,,,,,,,,,,,,
0.463773069,3.722245549,,,,,,,,,,,,,
0.094628099,35.51639197,,,,,,,,,,,,,
0.436705767,1.700398222,,,,,,,,,,,,,
0.477671451,7.255505337,,,,,,,,,,,,,
0.348894349,0.086325352,,,,,,,,,,,,,
0.330143541,7.807829142,,,,,,,,,,,,,
0.454545455,2.22E-05,,,,,,,,,,,,,
0.545454545,0.007432839,,,,,,,,,,,,,
0.535777354,0.883023112,,,,,,,,,,,,,
0.449388209,0.676395476,,,,,,,,,,,,,
0.471614883,1.670360705,,,,,,,,,,,,,
0.485094351,1.245628934,,,,,,,,,,,,,
0.459776127,0.261212455,,,,,,,,,,,,,
0.727272727,0.002168657,,,,,,,,,,,,,
0.485862412,4.407499985,,,,,,,,,,,,,
0.545454545,0.004332822,,,,,,,,,,,,,
0.443765566,1.011570635,,,,,,,,,,,,,
0.491532977,0.530888988,,,,,,,,,,,,,
0.494966191,0.453060636,,,,,,,,,,,,,
0.46969697,24.79739862,,,,,,,,,,,,,
0.421286031,0.913425054,,,,,,,,,,,,,
0.500330673,1.019100314,,,,,,,,,,,,,
0.593301435,1.107838169,,,,,,,,,,,,,
0.47979798,0.154767727,,,,,,,,,,,,,
0.514438503,3.3554382,,,,,,,,,,,,,
0.407944996,0.227409965,,,,,,,,,,,,,
0.428229665,0.082214668,,,,,,,,,,,,,
0.490909091,0.273480073,,,,,,,,,,,,,
0.383838384,1.080509611,,,,,,,,,,,,,
0.494954407,12.87961036,,,,,,,,,,,,,
0.500937951,0.592022261,,,,,,,,,,,,,
0.454545455,0.058354319,,,,,,,,,,,,,
0.493080915,0.014111493,,,,,,,,,,,,,
0.45232816,3.755010803,,,,,,,,,,,,,
0.465190365,0.274850887,,,,,,,,,,,,,
0.527333132,0.055999147,,,,,,,,,,,,,
0.490264346,0.018853509,,,,,,,,,,,,,
0.445141066,1.061407756,,,,,,,,,,,,,
0.549434886,0.092315999,,,,,,,,,,,,,
0.523613858,3.446998507,,,,,,,,,,,,,
0.452927973,1.018069553,,,,,,,,,,,,,
0.457925408,2.273040925,,,,,,,,,,,,,
0.470999112,0.040266482,,,,,,,,,,,,,
0.208772771,1.436927131,,,,,,,,,,,,,
0.412450104,0.503366837,,,,,,,,,,,,,
0.439723615,0.095374345,,,,,,,,,,,,,
0.429625715,15.50332847,,,,,,,,,,,,,
0.444438894,3.303912986,,,,,,,,,,,,,
0.22027972,0.835256698,,,,,,,,,,,,,
0.084321476,0.419516867,,,,,,,,,,,,,
0.170909091,23.06239431,,,,,,,,,,,,,
0.17597471,19.95851748,,,,,,,,,,,,,
0.182234242,19.9889804,,,,,,,,,,,,,
0.123870282,4.690108166,,,,,,,,,,,,,
0.214876033,0.660289808,,,,,,,,,,,,,
0.309354414,1.175930445,,,,,,,,,,,,,
0.3463036,1.231300741,,,,,,,,,,,,,
0.133757152,34.99907864,,,,,,,,,,,,,
0.188851767,28.22278819,,,,,,,,,,,,,
0.187739464,5.931649851,,,,,,,,,,,,,
0.251313903,20.35160745,,,,,,,,,,,,,
0.192947624,26.81624283,,,,,,,,,,,,,
0.226297726,2.447869326,,,,,,,,,,,,,
0.217654004,17.10186576,,,,,,,,,,,,,
0.239230715,4.547034369,,,,,,,,,,,,,
0.249738767,1.681691713,,,,,,,,,,,,,
0.192185008,24.69075232,,,,,,,,,,,,,
0.247104247,0.899223098,,,,,,,,,,,,,
0.142602496,0.487932704,,,,,,,,,,,,,
0.52629521,0.213113588,,,,,,,,,,,,,
0.373681516,0.030499165,,,,,,,,,,,,,
0.415579029,2.709575854,,,,,,,,,,,,,
0.523905724,1.155767108,,,,,,,,,,,,,
0.486868687,0.324591892,,,,,,,,,,,,,
0.473210365,2.268214249,,,,,,,,,,,,,
0.470219112,3.812358543,,,,,,,,,,,,,
0.545454545,0.001650778,,,,,,,,,,,,,
0.415289256,0.660918377,,,,,,,,,,,,,
0.42,0.637853587,,,,,,,,,,,,,
0.495187166,0.263002014,,,,,,,,,,,,,
0.540540541,0.048558708,,,,,,,,,,,,,
0.392961877,0.438751903,,,,,,,,,,,,,
0.146853147,4.389822629,,,,,,,,,,,,,
0.41379481,3.874829633,,,,,,,,,,,,,
0.112554113,30.29714852,,,,,,,,,,,,,
0.47867098,0.674773955,,,,,,,,,,,,,
0.529147544,0.796648875,,,,,,,,,,,,,
0.459200734,7.643065339,,,,,,,,,,,,,
0.468565436,0.743052328,,,,,,,,,,,,,
0.40130595,1.98607478,,,,,,,,,,,,,
0.363636364,0.455410887,,,,,,,,,,,,,
0.363636364,0.229121799,,,,,,,,,,,,,
0.44156374,0.052724926,,,,,,,,,,,,,
0.51586677,0.66436444,,,,,,,,,,,,,
0.459229584,0.817271153,,,,,,,,,,,,,
0.410199557,1.75457211,,,,,,,,,,,,,
0.493658495,0.029613964,,,,,,,,,,,,,
0.455785124,0.763144181,,,,,,,,,,,,,
0.146853147,5.091229456,,,,,,,,,,,,,
0.470359653,0.782819132,,,,,,,,,,,,,
0.535536603,5.732287632,,,,,,,,,,,,,
0.39905549,0.881106465,,,,,,,,,,,,,
0.522938278,1.000186046,,,,,,,,,,,,,
0.504545455,0.123521724,,,,,,,,,,,,,
0.423728814,0.157428657,,,,,,,,,,,,,
0.336088154,32.96419907,,,,,,,,,,,,,
0.477770397,12.33423092,,,,,,,,,,,,,
0.472327672,0.246202231,,,,,,,,,,,,,
0.457925408,2.276425757,,,,,,,,,,,,,
0.475073314,0.443684787,,,,,,,,,,,,,
0.333333333,0.338243604,,,,,,,,,,,,,
0.545454545,0.006563298,,,,,,,,,,,,,
0.460903269,6.303054692,,,,,,,,,,,,,
0.503743316,0.854478144,,,,,,,,,,,,,
0.626623377,1.107125064,,,,,,,,,,,,,
0.363636364,0.395417128,,,,,,,,,,,,,
0.503875969,1.002641197,,,,,,,,,,,,,
0.4914361,0.767123709,,,,,,,,,,,,,
0.465692401,1.145862218,,,,,,,,,,,,,
0.319971367,0.352777565,,,,,,,,,,,,,
0.497035646,1.699602432,,,,,,,,,,,,,
0.523510972,0.591131706,,,,,,,,,,,,,
0.468233471,0.563943788,,,,,,,,,,,,,
0.425492034,0.31563878,,,,,,,,,,,,,
0.473758121,1.408718321,,,,,,,,,,,,,
0.454545455,0.003061907,,,,,,,,,,,,,
0.418400876,0.450478541,,,,,,,,,,,,,
0.454545455,0.012409211,,,,,,,,,,,,,
0.507177033,0.185581426,,,,,,,,,,,,,
0.454545455,0.000917823,,,,,,,,,,,,,
0.363636364,1.58E-05,,,,,,,,,,,,,
0.455799373,0.441800524,,,,,,,,,,,,,
0.457918201,0.360779368,,,,,,,,,,,,,
0.512256619,0.550134726,,,,,,,,,,,,,
0.429292929,0.728635161,,,,,,,,,,,,,
0.450151515,0.140003393,,,,,,,,,,,,,
0.509881423,0.31340329,,,,,,,,,,,,,
0.517123004,0.549324412,,,,,,,,,,,,,
0.363636364,0.324622435,,,,,,,,,,,,,
0.471861472,0.523486263,,,,,,,,,,,,,
0.454545455,0.018490984,,,,,,,,,,,,,
0.363636364,1.224071284,,,,,,,,,,,,,
0.454156014,0.317314962,,,,,,,,,,,,,
0.495173509,0.075744113,,,,,,,,,,,,,
0.509508854,0.182235165,,,,,,,,,,,,,
0.454004329,7.182745654,,,,,,,,,,,,,
0.54326854,1.748707917,,,,,,,,,,,,,
0.461032614,1.165753726,,,,,,,,,,,,,
0.454545455,0.05708033,,,,,,,,,,,,,
0.525518341,0.43828499,,,,,,,,,,,,,
0.500488759,0.484137255,,,,,,,,,,,,,
0.421743205,1.790139319,,,,,,,,,,,,,
0.502840909,0.334640151,,,,,,,,,,,,,
0.47020202,0.049245608,,,,,,,,,,,,,
0.545454545,1.53E-05,,,,,,,,,,,,,
0.436835891,0.004074456,,,,,,,,,,,,,
0.131313131,16.3913078,,,,,,,,,,,,,
0.526936027,0.291635027,,,,,,,,,,,,,
0.446150864,2.040928768,,,,,,,,,,,,,
0.569702305,0.600577594,,,,,,,,,,,,,
0.448780488,0.704989544,,,,,,,,,,,,,
0.509418509,0.411838583,,,,,,,,,,,,,
0.480553947,8.590836698,,,,,,,,,,,,,
0.433660934,0.190760391,,,,,,,,,,,,,
0.170061,1.066991097,,,,,,,,,,,,,
0.483225108,0.218573945,,,,,,,,,,,,,
0.519051905,1.310482404,,,,,,,,,,,,,
0.177489177,5.489925284,,,,,,,,,,,,,
0.157024793,0.001159051,,,,,,,,,,,,,
0.204971796,1.728201866,,,,,,,,,,,,,
0.106007629,23.45561857,,,,,,,,,,,,,
0.147599926,1.231228957,,,,,,,,,,,,,
0.147145877,4.301113493,,,,,,,,,,,,,
0.046224961,0.254802405,,,,,,,,,,,,,
0.126348228,1.436859665,,,,,,,,,,,,,
0.16287176,19.14047277,,,,,,,,,,,,,
0.088366179,6.494943406,,,,,,,,,,,,,
0.455415542,9.353680468,,,,,,,,,,,,,
0.500131182,0.338643109,,,,,,,,,,,,,
0.455512573,0.826624583,,,,,,,,,,,,,
0.444793455,0.37016276,,,,,,,,,,,,,
0.445747801,1.014047114,,,,,,,,,,,,,
0.481601732,0.003452142,,,,,,,,,,,,,
0.350649351,0.023425047,,,,,,,,,,,,,
0.491400491,0.957067547,,,,,,,,,,,,,
0.456904957,16.54837099,,,,,,,,,,,,,
0.410810811,1.996327951,,,,,,,,,,,,,
0.482023222,3.554025015,,,,,,,,,,,,,
0.532954545,0.813976804,,,,,,,,,,,,,
0.421052632,0.072033006,,,,,,,,,,,,,
0.453221536,19.22107697,,,,,,,,,,,,,
0.468414918,2.358141123,,,,,,,,,,,,,
0.434066285,0.660025728,,,,,,,,,,,,,
0.515521064,0.245183037,,,,,,,,,,,,,
0.490636673,0.332597176,,,,,,,,,,,,,
0.337995338,10.50039958,,,,,,,,,,,,,
0.575098814,0.039509542,,,,,,,,,,,,,
0.454707792,0.28289672,,,,,,,,,,,,,
0.050290135,29.58574255,,,,,,,,,,,,,
0.248337029,0.41308969,,,,,,,,,,,,,
0.148097517,35.99816527,,,,,,,,,,,,,
0.172191445,8.713263427,,,,,,,,,,,,,
0.046345811,22.84080497,,,,,,,,,,,,,
0.158195592,22.30008712,,,,,,,,,,,,,
0.173061111,9.966271072,,,,,,,,,,,,,
0.125081303,16.77021249,,,,,,,,,,,,,
0.162770563,3.458144317,,,,,,,,,,,,,
0.129657228,12.12374878,,,,,,,,,,,,,
0.210338681,3.970774729,,,,,,,,,,,,,
0.168048292,9.838818949,,,,,,,,,,,,,
0.168670984,8.245925843,,,,,,,,,,,,,
0.153748006,15.29175951,,,,,,,,,,,,,
0.173142717,0.291963861,,,,,,,,,,,,,
0.277425907,5.716195133,,,,,,,,,,,,,
0.128057493,31.93713147,,,,,,,,,,,,,
0.157024793,13.37187554,,,,,,,,,,,,,
0.104986877,24.19999163,,,,,,,,,,,,,
0.101576994,21.26071222,,,,,,,,,,,,,
0.078246753,38.48022731,,,,,,,,,,,,,
0.120440888,54.68381907,,,,,,,,,,,,,
0.084423711,41.81889927,,,,,,,,,,,,,
0.081965357,14.02117748,,,,,,,,,,,,,
0.136363636,3.399985579,,,,,,,,,,,,,
0.102922078,0.257370112,,,,,,,,,,,,,
0.103386809,3.91214697,,,,,,,,,,,,,
0.441212121,0.955859502,,,,,,,,,,,,,
0.42658518,0.568508532,,,,,,,,,,,,,
0.337662338,0.076878118,,,,,,,,,,,,,
0.530676966,0.084448055,,,,,,,,,,,,,
0.529411765,0.388496992,,,,,,,,,,,,,
0.162444113,0.799831076,,,,,,,,,,,,,
0.480734951,2.411996701,,,,,,,,,,,,,
0.519300144,0.444899058,,,,,,,,,,,,,
0.546078258,0.224689598,,,,,,,,,,,,,
0.524051706,0.779674401,,,,,,,,,,,,,
0.511294766,0.285351288,,,,,,,,,,,,,
0.415584416,0.036493509,,,,,,,,,,,,,
0.41184573,31.76389975,,,,,,,,,,,,,
0.282198484,1.250230314,,,,,,,,,,,,,
0.115027829,0.365249898,,,,,,,,,,,,,
0.048128342,16.20893705,,,,,,,,,,,,,
0.152829314,23.54235848,,,,,,,,,,,,,
0.107239057,27.48287041,,,,,,,,,,,,,
0.369900688,20.75262116,,,,,,,,,,,,,
0.158526256,16.60460452,,,,,,,,,,,,,
0.12987013,23.74095855,,,,,,,,,,,,,
0.080645161,25.09278858,,,,,,,,,,,,,
0.184429358,0.241005632,,,,,,,,,,,,,
0.097361037,1.53314756,,,,,,,,,,,,,
0.129391744,7.945719804,,,,,,,,,,,,,
0.274247844,45.155476,,,,,,,,,,,,,
0.041361482,54.59575656,,,,,,,,,,,,,
0.149801179,9.210857893,,,,,,,,,,,,,
0.046581518,3.25500396,,,,,,,,,,,,,
0.087068966,31.17367731,,,,,,,,,,,,,
0.14619883,2.449047279,,,,,,,,,,,,,
0.05528974,13.33882605,,,,,,,,,,,,,
0.053377815,0.127765856,,,,,,,,,,,,,
0.164763424,7.49622046,,,,,,,,,,,,,
0.15037594,21.85012754,,,,,,,,,,,,,
0.151530288,23.5158734,,,,,,,,,,,,,
0.457519292,1.028794335,,,,,,,,,,,,,
0.463941743,0.025105821,,,,,,,,,,,,,
0.407319953,6.15219174,,,,,,,,,,,,,
0.401719902,1.252417587,,,,,,,,,,,,,
0.442487815,0.896319305,,,,,,,,,,,,,
0.49559424,0.460926227,,,,,,,,,,,,,
0.511586453,0.500636626,,,,,,,,,,,,,
0.528467214,0.523718588,,,,,,,,,,,,,
0.545454545,0.445357824,,,,,,,,,,,,,
0.513394818,1.030731493,,,,,,,,,,,,,
0.395959596,2.197753602,,,,,,,,,,,,,
0.546922643,1.003528975,,,,,,,,,,,,,
0.443217219,0.075156798,,,,,,,,,,,,,
0.470791246,22.27053691,,,,,,,,,,,,,
0.484992625,2.298593659,,,,,,,,,,,,,
0.333333333,0.344966422,,,,,,,,,,,,,
0.51258196,1.619370021,,,,,,,,,,,,,
0.402203857,1.907923379,,,,,,,,,,,,,
0.448484848,0.143493526,,,,,,,,,,,,,
0.502348122,0.204535712,,,,,,,,,,,,,
0.150353711,10.61568622,,,,,,,,,,,,,
0.139240506,0.6421002,,,,,,,,,,,,,
0.086731981,10.52491125,,,,,,,,,,,,,
0.130623419,17.57982598,,,,,,,,,,,,,
0.127346637,0.160374133,,,,,,,,,,,,,
0.106493506,7.222318714,,,,,,,,,,,,,
0.045702931,5.432545249,,,,,,,,,,,,,
0.263186126,0.944491101,,,,,,,,,,,,,
0.046345811,18.82686745,,,,,,,,,,,,,
0.086542848,3.716664992,,,,,,,,,,,,,
0.149833024,17.8445214,,,,,,,,,,,,,
0.144981281,10.53017618,,,,,,,,,,,,,
0.173629149,31.67060146,,,,,,,,,,,,,
0.185103434,41.84205024,,,,,,,,,,,,,
0.125638407,2.631323748,,,,,,,,,,,,,
0.10958231,21.81542287,,,,,,,,,,,,,
0.166089466,15.8589339,,,,,,,,,,,,,
0.116558442,20.53358796,,,,,,,,,,,,,
0.107142857,29.18496346,,,,,,,,,,,,,
0.120641596,52.64924385,,,,,,,,,,,,,
0.049586777,21.18593972,,,,,,,,,,,,,
0.179393939,2.788075941,,,,,,,,,,,,,
0.484848485,0.676961743,,,,,,,,,,,,,
0.484464902,0.582812951,,,,,,,,,,,,,
0.507100081,1.327521506,,,,,,,,,,,,,
0.483733562,0.831421313,,,,,,,,,,,,,
0.628458498,0.502319259,,,,,,,,,,,,,
0.120731121,15.56299678,,,,,,,,,,,,,
0.480805119,0.154464755,,,,,,,,,,,,,
0.636363636,0.069893286,,,,,,,,,,,,,
0.545454545,0.009265943,,,,,,,,,,,,,
0.537121212,0.203260948,,,,,,,,,,,,,
0.636363636,1.05E-05,,,,,,,,,,,,,
0.562681611,1.007688167,,,,,,,,,,,,,
0.495320426,0.162325067,,,,,,,,,,,,,
0.449691086,1.414225191,,,,,,,,,,,,,
0.453996234,0.945150732,,,,,,,,,,,,,
0.14359696,9.346864458,,,,,,,,,,,,,
0.108493277,40.42768733,,,,,,,,,,,,,
0.130759651,11.22866117,,,,,,,,,,,,,
0.126898273,11.66985937,,,,,,,,,,,,,
0.556893939,2.09654877,,,,,,,,,,,,,
0.543307087,0.022624065,,,,,,,,,,,,,
0.408673895,0.170711323,,,,,,,,,,,,,
0.406269592,4.089053284,,,,,,,,,,,,,
0.405594406,1.424455589,,,,,,,,,,,,,
0.470423325,0.356926687,,,,,,,,,,,,,
0.46141689,0.721755994,,,,,,,,,,,,,
0.727272727,0.002588981,,,,,,,,,,,,,
0.51969697,0.44266513,,,,,,,,,,,,,
0.462657343,1.474918111,,,,,,,,,,,,,
0.47979798,1.575154039,,,,,,,,,,,,,
0.466100076,1.678299939,,,,,,,,,,,,,
0.727272727,0.002684393,,,,,,,,,,,,,
0.519049188,0.66198795,,,,,,,,,,,,,
0.119982312,1.181008811,,,,,,,,,,,,,
0.462022826,2.228378916,,,,,,,,,,,,,
0.499776484,0.776042963,,,,,,,,,,,,,
0.483924189,0.167667892,,,,,,,,,,,,,
0.462530713,1.075650667,,,,,,,,,,,,,
0.399639964,1.181582296,,,,,,,,,,,,,
0.402290623,1.430394955,,,,,,,,,,,,,
0.467930291,0.54253068,,,,,,,,,,,,,
0.454545455,0.006381914,,,,,,,,,,,,,
0.485893417,0.745832733,,,,,,,,,,,,,
0.421286031,0.124546925,,,,,,,,,,,,,
0.429756596,0.667738866,,,,,,,,,,,,,
0.39144385,0.330976245,,,,,,,,,,,,,
0.476916392,7.702645662,,,,,,,,,,,,,
0.100163766,0.868299432,,,,,,,,,,,,,
0.495395514,0.934074226,,,,,,,,,,,,,
0.465150387,0.300742394,,,,,,,,,,,,,
0.59606373,0.140557629,,,,,,,,,,,,,
0.450045005,0.889058533,,,,,,,,,,,,,
0.535914703,0.143033299,,,,,,,,,,,,,
0.54569973,0.291688778,,,,,,,,,,,,,
0.488372093,0.613272,,,,,,,,,,,,,
0.424043623,0.144707126,,,,,,,,,,,,,
0.431168831,1.257858147,,,,,,,,,,,,,
0.160900028,3.689337477,,,,,,,,,,,,,
0.5,2.523888691,,,,,,,,,,,,,
0.293769804,5.74544977,,,,,,,,,,,,,
0.429149225,2.689844264,,,,,,,,,,,,,
0.500858601,0.519400794,,,,,,,,,,,,,
0.171717172,24.1542244,,,,,,,,,,,,,
0.56394453,1.572685947,,,,,,,,,,,,,
0.448497217,0.812761323,,,,,,,,,,,,,
0.544077135,0.39650647,,,,,,,,,,,,,
0.454545455,0.584419268,,,,,,,,,,,,,
0.443256235,2.397388908,,,,,,,,,,,,,
0.525649351,1.586512065,,,,,,,,,,,,,
0.590909091,0.024478807,,,,,,,,,,,,,
0.149286357,27.19889116,,,,,,,,,,,,,
0.051948052,15.90941193,,,,,,,,,,,,,
0.157413601,8.325670428,,,,,,,,,,,,,
0.2095783,7.63811787,,,,,,,,,,,,,
0.114365024,4.494834212,,,,,,,,,,,,,
0.193641884,6.586139116,,,,,,,,,,,,,
0.151443598,7.544467646,,,,,,,,,,,,,
0.331168831,0.276396807,,,,,,,,,,,,,
0.454545455,0.052977014,,,,,,,,,,,,,
0.46037296,0.50711143,,,,,,,,,,,,,
0.403030303,0.529519006,,,,,,,,,,,,,
0.513411552,10.37508292,,,,,,,,,,,,,
0.339160839,0.589826211,,,,,,,,,,,,,
0.535117978,0.041372382,,,,,,,,,,,,,
0.546753247,0.68302961,,,,,,,,,,,,,
0.443900449,0.754559499,,,,,,,,,,,,,
0.435064935,1.080789642,,,,,,,,,,,,,
0.087792208,8.426078472,,,,,,,,,,,,,
0.188829201,6.114886237,,,,,,,,,,,,,
0.429437229,3.691396083,,,,,,,,,,,,,
0.086278747,34.58672878,,,,,,,,,,,,,
0.446280992,1.095089768,,,,,,,,,,,,,
0.513786606,0.32367852,,,,,,,,,,,,,
0.538969166,0.256090456,,,,,,,,,,,,,
0.636363636,0.000820405,,,,,,,,,,,,,
0.348973607,2.289967893,,,,,,,,,,,,,
0.451631702,0.464730648,,,,,,,,,,,,,
0.327272727,0.665482146,,,,,,,,,,,,,
0.423376623,1.624375753,,,,,,,,,,,,,
0.545454545,0.004980466,,,,,,,,,,,,,
0.133205504,26.28484395,,,,,,,,,,,,,
0.109277709,2.678554776,,,,,,,,,,,,,
0.078486731,15.64771017,,,,,,,,,,,,,
0.118644068,13.46400179,,,,,,,,,,,,,
0.164935065,10.80517952,,,,,,,,,,,,,
0.156167371,2.075000511,,,,,,,,,,,,,
0.190859141,35.01130983,,,,,,,,,,,,,
0.407565589,0.803929099,,,,,,,,,,,,,
0.427330631,0.273469969,,,,,,,,,,,,,
0.531781227,0.413397426,,,,,,,,,,,,,
0.47859025,15.18230534,,,,,,,,,,,,,
0.445908719,0.732136562,,,,,,,,,,,,,
0.176584022,2.143425652,,,,,,,,,,,,,
0.517137198,2.514752143,,,,,,,,,,,,,
0.421487603,7.030169209,,,,,,,,,,,,,
0.457925408,2.256727151,,,,,,,,,,,,,
0.397575758,0.31813209,,,,,,,,,,,,,
0.448944816,18.1647498,,,,,,,,,,,,,
0.11788473,22.436076,,,,,,,,,,,,,
0.120984279,0.444592071,,,,,,,,,,,,,
0.119244392,1.015331119,,,,,,,,,,,,,
0.087490287,14.26382939,,,,,,,,,,,,,
0.15261708,14.93322097,,,,,,,,,,,,,
0.091544819,5.243307574,,,,,,,,,,,,,
0.125454545,0.09601167,,,,,,,,,,,,,
0.466023875,0.161244082,,,,,,,,,,,,,
0.325409944,0.123713313,,,,,,,,,,,,,
0.489892473,0.186223275,,,,,,,,,,,,,
0.297415628,1.196762599,,,,,,,,,,,,,
0.464547918,1.377045987,,,,,,,,,,,,,
0.411810412,0.158277108,,,,,,,,,,,,,
0.489064559,0.365448761,,,,,,,,,,,,,
0.451508725,1.249126641,,,,,,,,,,,,,
0.43519322,0.055610727,,,,,,,,,,,,,
0.404040404,0.001077361,,,,,,,,,,,,,
0.359422035,0.043682204,,,,,,,,,,,,,
0.045454545,30.95815445,,,,,,,,,,,,,
0.349134199,3.579138781,,,,,,,,,,,,,
0.421286031,0.92872638,,,,,,,,,,,,,
0.324675325,0.289042519,,,,,,,,,,,,,
0.507786018,5.686598292,,,,,,,,,,,,,
0.489849956,1.065324554,,,,,,,,,,,,,
0.443544261,0.180800824,,,,,,,,,,,,,
0.525174825,0.045003917,,,,,,,,,,,,,
0.520180529,1.588145478,,,,,,,,,,,,,
0.410557185,2.881252503,,,,,,,,,,,,,
0.533278464,0.610387188,,,,,,,,,,,,,
0.454691846,0.387782713,,,,,,,,,,,,,
0.517065391,0.487568738,,,,,,,,,,,,,
0.573002755,0.583117741,,,,,,,,,,,,,
0.463120154,0.49131488,,,,,,,,,,,,,
0.58266415,0.076719563,,,,,,,,,,,,,
0.427345177,0.941940026,,,,,,,,,,,,,
0.480519481,1.532199941,,,,,,,,,,,,,
0.463956876,0.432280064,,,,,,,,,,,,,
0.503496503,0.240425725,,,,,,,,,,,,,
0.545454545,0.00792552,,,,,,,,,,,,,
0.527424242,0.057631893,,,,,,,,,,,,,
0.518614719,0.219732055,,,,,,,,,,,,,
0.412587413,0.836191939,,,,,,,,,,,,,
0.424242424,0.512527671,,,,,,,,,,,,,
0.403162055,0.389943603,,,,,,,,,,,,,
0.541205299,7.045305012,,,,,,,,,,,,,
0.241890268,2.082224591,,,,,,,,,,,,,
0.402761795,3.548282566,,,,,,,,,,,,,
0.456709957,1.458145694,,,,,,,,,,,,,
0.542857143,0.097007879,,,,,,,,,,,,,
0.469387755,0.236340803,,,,,,,,,,,,,
0.442660904,0.991204609,,,,,,,,,,,,,
0.530351645,0.563278033,,,,,,,,,,,,,
0.545454545,0.044095863,,,,,,,,,,,,,
0.467559655,1.400732094,,,,,,,,,,,,,
0.470282523,0.933113553,,,,,,,,,,,,,
0.512644241,2.004451981,,,,,,,,,,,,,
0.474149791,1.217118908,,,,,,,,,,,,,
0.522943723,2.520002783,,,,,,,,,,,,,
0.049586777,14.2237081,,,,,,,,,,,,,
0.157319983,24.61778396,,,,,,,,,,,,,
0.157731158,22.04494306,,,,,,,,,,,,,
0.137864289,4.058872697,,,,,,,,,,,,,
0.162041467,13.99498477,,,,,,,,,,,,,
0.096474954,0.161930576,,,,,,,,,,,,,
0.101270772,2.587614844,,,,,,,,,,,,,
0.116883117,0.517259158,,,,,,,,,,,,,
0.113905857,19.29783239,,,,,,,,,,,,,
0.143813055,10.66360421,,,,,,,,,,,,,
0.121095689,18.32214475,,,,,,,,,,,,,
0.087780127,37.77529735,,,,,,,,,,,,,
0.096422287,14.11400616,,,,,,,,,,,,,
0.179026507,7.803026238,,,,,,,,,,,,,
0.636363636,0.002557143,,,,,,,,,,,,,
0.545454545,0.00046509,,,,,,,,,,,,,
0.414376321,0.586701976,,,,,,,,,,,,,
0.414772727,0.040753836,,,,,,,,,,,,,
0.524151837,0.88117814,,,,,,,,,,,,,
0.516123499,0.090177857,,,,,,,,,,,,,
0.454545455,1.05E-05,,,,,,,,,,,,,
0.52183485,0.461461575,,,,,,,,,,,,,
0.421898543,0.350746751,,,,,,,,,,,,,
0.257874071,0.296614035,,,,,,,,,,,,,
0.427115309,5.527593438,,,,,,,,,,,,,
0.520097626,0.377455046,,,,,,,,,,,,,
0.431818182,0.28008841,,,,,,,,,,,,,
0.464701065,2.739678437,,,,,,,,,,,,,
0.469148245,3.218711811,,,,,,,,,,,,,
0.636363636,0.004425685,,,,,,,,,,,,,
0.542103117,0.080456675,,,,,,,,,,,,,
0.503236246,3.33050656,,,,,,,,,,,,,
0.492822967,0.592958144,,,,,,,,,,,,,
0.541575758,0.225939099,,,,,,,,,,,,,
0.373037694,3.278961621,,,,,,,,,,,,,
0.573426573,0.778322424,,,,,,,,,,,,,
0.511177347,0.420497009,,,,,,,,,,,,,
0.488280767,32.40295686,,,,,,,,,,,,,
0.545454545,0.000982953,,,,,,,,,,,,,
0.155141155,40.25599762,,,,,,,,,,,,,
0.192165558,5.161522804,,,,,,,,,,,,,
0.228562218,0.002913806,,,,,,,,,,,,,
0.042867701,21.39545445,,,,,,,,,,,,,
0.217173416,4.672898592,,,,,,,,,,,,,
0.061688312,2.884352923,,,,,,,,,,,,,
0.056565657,0.445130309,,,,,,,,,,,,,
0.124322804,24.59830931,,,,,,,,,,,,,
0.121974462,43.49811074,,,,,,,,,,,,,
0.488961039,0.202960883,,,,,,,,,,,,,
0.472981759,0.687469105,,,,,,,,,,,,,
0.532260543,1.723940352,,,,,,,,,,,,,
0.51746633,0.144770829,,,,,,,,,,,,,
0.466723842,0.256970166,,,,,,,,,,,,,
0.48056032,0.869918747,,,,,,,,,,,,,
0.401759531,0.20474126,,,,,,,,,,,,,
0.525809822,1.576467811,,,,,,,,,,,,,
0.460893748,21.48874837,,,,,,,,,,,,,
0.506269592,1.455120808,,,,,,,,,,,,,
0.492704826,0.411759267,,,,,,,,,,,,,
0.496012759,0.259588877,,,,,,,,,,,,,
0.513068048,0.088438593,,,,,,,,,,,,,
0.515505937,0.470365747,,,,,,,,,,,,,
0.460615696,1.468184892,,,,,,,,,,,,,
0.390212385,0.080319185,,,,,,,,,,,,,
0.524125874,0.633991977,,,,,,,,,,,,,
0.503030303,0.221369999,,,,,,,,,,,,,
0.538736649,0.740306985,,,,,,,,,,,,,
0.454545455,0.00299901,,,,,,,,,,,,,
0.522203411,0.241445522,,,,,,,,,,,,,
0.483363042,0.134540184,,,,,,,,,,,,,
0.415824916,1.296610859,,,,,,,,,,,,,
0.483471074,3.889133426,,,,,,,,,,,,,
0.289430554,0.588819238,,,,,,,,,,,,,
0.398268398,0.537553356,,,,,,,,,,,,,
0.38801054,4.689587126,,,,,,,,,,,,,
0.554285714,1.162397808,,,,,,,,,,,,,
0.435950413,13.6406751,,,,,,,,,,,,,
0.465151515,3.047598589,,,,,,,,,,,,,
0.455023923,1.596621635,,,,,,,,,,,,,
0.727272727,0.001609414,,,,,,,,,,,,,
0.818181818,0.431020803,,,,,,,,,,,,,
0.26056338,18.2342431,,,,,,,,,,,,,
0.435158738,3.597183227,,,,,,,,,,,,,
0.456263359,9.771250163,,,,,,,,,,,,,
0.483409668,0.759370069,,,,,,,,,,,,,
0.490909091,0.462499671,,,,,,,,,,,,,
0.422348485,0.303032334,,,,,,,,,,,,,
0.404040404,6.708900935,,,,,,,,,,,,,
0.530165289,0.431826575,,,,,,,,,,,,,
0.526239526,1.897737911,,,,,,,,,,,,,
0.439108062,0.378307348,,,,,,,,,,,,,
0.418011895,0.322007958,,,,,,,,,,,,,
0.438811189,0.641163173,,,,,,,,,,,,,
0.55991231,0.243949264,,,,,,,,,,,,,
0.534090909,0.267501449,,,,,,,,,,,,,
0.412878788,0.127955807,,,,,,,,,,,,,
0.522525761,2.691991152,,,,,,,,,,,,,
0.215213358,4.302737524,,,,,,,,,,,,,
0.454545455,0.079402997,,,,,,,,,,,,,
0.487976996,1.235434994,,,,,,,,,,,,,
0.479300866,0.647034269,,,,,,,,,,,,,
0.466666667,0.210891577,,,,,,,,,,,,,
0.363636364,2.106642332,,,,,,,,,,,,,
0.589225589,0.014907221,,,,,,,,,,,,,
0.433971292,1.749498151,,,,,,,,,,,,,
0.579078456,0.563546423,,,,,,,,,,,,,
0.127037325,28.93677395,,,,,,,,,,,,,
0.487530169,1.95339909,,,,,,,,,,,,,
0.545954046,0.08920059,,,,,,,,,,,,,
0.46084756,9.838505252,,,,,,,,,,,,,
0.471528472,5.925366623,,,,,,,,,,,,,
0.413609782,0.070573434,,,,,,,,,,,,,
0.403162055,2.990565811,,,,,,,,,,,,,
0.489405266,15.10792573,,,,,,,,,,,,,
0.443193545,1.879693755,,,,,,,,,,,,,
0.119410319,2.646702116,,,,,,,,,,,,,
0.14229249,0.222402752,,,,,,,,,,,,,
0.146381401,11.69629177,,,,,,,,,,,,,
0.097696421,5.121245743,,,,,,,,,,,,,
0.136854374,35.50596444,,,,,,,,,,,,,
0.48458498,0.951307314,,,,,,,,,,,,,
0.39905549,0.251233334,,,,,,,,,,,,,
0.28372762,1.151275571,,,,,,,,,,,,,
0.486924035,1.068695541,,,,,,,,,,,,,
0.52,0.219281537,,,,,,,,,,,,,
0.424242424,0.271841432,,,,,,,,,,,,,
0.4631109,3.28927794,,,,,,,,,,,,,
0.419496166,0.664061986,,,,,,,,,,,,,
0.474551266,0.251696401,,,,,,,,,,,,,
0.410825815,0.569831444,,,,,,,,,,,,,
0.426078972,0.235045412,,,,,,,,,,,,,
0.486631016,0.016867651,,,,,,,,,,,,,
0.119941349,28.98142233,,,,,,,,,,,,,
0.464433812,0.40368266,,,,,,,,,,,,,
0.454545455,1.74727889,,,,,,,,,,,,,
0.636363636,0.006559871,,,,,,,,,,,,,
0.541158537,1.318592408,,,,,,,,,,,,,
0.198529412,25.17488074,,,,,,,,,,,,,
0.152302243,8.220108113,,,,,,,,,,,,,
0.133522727,0.554066599,,,,,,,,,,,,,
0.148484848,1.551946946,,,,,,,,,,,,,
0.05015674,32.29592328,,,,,,,,,,,,,
0.490181625,3.3332547,,,,,,,,,,,,,
0.454545455,0.053523968,,,,,,,,,,,,,
0.4517366,0.132299171,,,,,,,,,,,,,
0.427417718,1.7735518,,,,,,,,,,,,,
0.50102529,0.241174447,,,,,,,,,,,,,
0.316889961,0.528774356,,,,,,,,,,,,,
0.511077158,0.522077307,,,,,,,,,,,,,
0.135971787,9.385605406,,,,,,,,,,,,,
0.188811189,4.106418033,,,,,,,,,,,,,
0.26361698,6.099856945,,,,,,,,,,,,,
0.10925485,0.326667704,,,,,,,,,,,,,
0.257963971,6.808712828,,,,,,,,,,,,,
0.184405727,24.30333056,,,,,,,,,,,,,
0.448468773,0.785279877,,,,,,,,,,,,,
0.441164896,2.21618731,,,,,,,,,,,,,
0.545454545,0.247040472,,,,,,,,,,,,,
0.479076479,2.129188029,,,,,,,,,,,,,
0.57687991,0.362669028,,,,,,,,,,,,,
0.531345847,0.690097604,,,,,,,,,,,,,
0.411483254,7.053712259,,,,,,,,,,,,,
0.488372093,1.522225942,,,,,,,,,,,,,
0.460842188,0.730588576,,,,,,,,,,,,,
0.517358272,0.497677352,,,,,,,,,,,,,
0.363636364,0.005187669,,,,,,,,,,,,,
0.411067194,0.818692933,,,,,,,,,,,,,
0.445543874,1.238810837,,,,,,,,,,,,,
0.256566962,0.747463238,,,,,,,,,,,,,
0.446019365,0.035322071,,,,,,,,,,,,,
0.496103896,0.394732509,,,,,,,,,,,,,
0.539053675,0.345325954,,,,,,,,,,,,,
0.395816573,0.87506599,,,,,,,,,,,,,
0.636363636,0.000242329,,,,,,,,,,,,,
0.36083699,20.0486243,,,,,,,,,,,,,
0.131964809,0.163602422,,,,,,,,,,,,,
0.480113636,0.089161844,,,,,,,,,,,,,
0.506198347,1.207724052,,,,,,,,,,,,,
0.488758553,0.963878097,,,,,,,,,,,,,
0.4,0.238053605,,,,,,,,,,,,,
0.522977262,0.32856188,,,,,,,,,,,,,
0.454545455,0.055850237,,,,,,,,,,,,,
0.512282055,0.417734205,,,,,,,,,,,,,
0.172182656,25.64086455,,,,,,,,,,,,,
0.252687869,0.112083836,,,,,,,,,,,,,
0.07782294,20.56758726,,,,,,,,,,,,,
0.042780749,29.66358409,,,,,,,,,,,,,
0.114285714,24.85887158,,,,,,,,,,,,,
0.100815851,14.33162555,,,,,,,,,,,,,
0.259073494,22.38141515,,,,,,,,,,,,,
0.108585859,26.73483053,,,,,,,,,,,,,
0.051948052,24.82163958,,,,,,,,,,,,,
0.132083825,16.30035626,,,,,,,,,,,,,
0.0625,14.75097849,,,,,,,,,,,,,
0.054226475,7.899541599,,,,,,,,,,,,,
0.604278075,0.044553631,,,,,,,,,,,,,
0.036363636,21.91564866,,,,,,,,,,,,,
0.052934407,19.48386329,,,,,,,,,,,,,
0.054226475,1.464715811,,,,,,,,,,,,,
0,5.588439363,,,,,,,,,,,,,
0.13030303,0.088354281,,,,,,,,,,,,,
0.054054054,15.15491562,,,,,,,,,,,,,
0.486013986,10.02144182,,,,,,,,,,,,,
0.526815544,0.648451095,,,,,,,,,,,,,
0.454545455,0.087040025,,,,,,,,,,,,,
0.453311341,0.800726371,,,,,,,,,,,,,
0.421818182,0.814503571,,,,,,,,,,,,,
0.444842218,11.48539751,,,,,,,,,,,,,
0.370090516,0.923274853,,,,,,,,,,,,,
0.498907821,3.144074003,,,,,,,,,,,,,
0.490022173,0.001046576,,,,,,,,,,,,,
0.074380165,8.421803527,,,,,,,,,,,,,
0.080808081,0.887628366,,,,,,,,,,,,,
0.053475936,28.31614657,,,,,,,,,,,,,
0.080808081,1.291790338,,,,,,,,,,,,,
0.077922078,2.379060972,,,,,,,,,,,,,
0.074380165,6.757075992,,,,,,,,,,,,,
0.080808081,1.581373753,,,,,,,,,,,,,
0.050505051,3.305038027,,,,,,,,,,,,,
0.075757576,0.848380538,,,,,,,,,,,,,
0.075757576,2.488117131,,,,,,,,,,,,,
0.557777261,0.816980814,,,,,,,,,,,,,
0.467023173,0.568685612,,,,,,,,,,,,,
0.466666667,0.282019846,,,,,,,,,,,,,
0.454545455,0.002973833,,,,,,,,,,,,,
0.412834225,0.019885195,,,,,,,,,,,,,
0.480399315,0.344123448,,,,,,,,,,,,,
0.128727273,11.54110283,,,,,,,,,,,,,
0.159284245,11.38113536,,,,,,,,,,,,,
0.096590909,10.96658928,,,,,,,,,,,,,
0.147696139,17.02628812,,,,,,,,,,,,,
0.043478261,45.68304514,,,,,,,,,,,,,
0.236673554,0.195759464,,,,,,,,,,,,,
0.27144169,6.471860031,,,,,,,,,,,,,
0.130075816,10.99601658,,,,,,,,,,,,,
0.051736881,0.287540626,,,,,,,,,,,,,
0.047058824,10.09348394,,,,,,,,,,,,,
0.132567915,6.31499994,,,,,,,,,,,,,
0.138047138,3.625575912,,,,,,,,,,,,,
0.189174384,19.07800403,,,,,,,,,,,,,
0.088479941,16.84617539,,,,,,,,,,,,,
0.564213564,0.033062112,,,,,,,,,,,,,
0.454545455,0.050264822,,,,,,,,,,,,,
0.533549784,2.324788157,,,,,,,,,,,,,
0.630097731,0.04352823,,,,,,,,,,,,,
0.050505051,1.683907896,,,,,,,,,,,,,
0.147727273,0.452365355,,,,,,,,,,,,,
0.122602803,16.01585836,,,,,,,,,,,,,
0.158441558,1.718882932,,,,,,,,,,,,,
0.049306626,2.229105726,,,,,,,,,,,,,
0.161290323,1.79490164,,,,,,,,,,,,,
0.173553719,0.816367762,,,,,,,,,,,,,
0.136363636,1.230681195,,,,,,,,,,,,,
0.058741259,6.086856791,,,,,,,,,,,,,
0.064083458,0.05088307,,,,,,,,,,,,,
0.142857143,2.665696019,,,,,,,,,,,,,
0.151515152,3.40220803,,,,,,,,,,,,,
0.183363042,18.67390038,,,,,,,,,,,,,
0.159789578,40.94260298,,,,,,,,,,,,,
0.452819907,0.31261759,,,,,,,,,,,,,
0.442301806,1.995971009,,,,,,,,,,,,,
0.4,0.236430645,,,,,,,,,,,,,
0.323741081,0.158674351,,,,,,,,,,,,,
0.522412884,0.78634611,,,,,,,,,,,,,
0.51985792,0.465722349,,,,,,,,,,,,,
0.470454545,2.199024601,,,,,,,,,,,,,
0.332566168,5.599822973,,,,,,,,,,,,,
0.331546361,3.004632972,,,,,,,,,,,,,
0.461929641,0.695301832,,,,,,,,,,,,,
0.482683983,0.788256528,,,,,,,,,,,,,
0.455673009,0.857177272,,,,,,,,,,,,,
0.363636364,0.169802718,,,,,,,,,,,,,
0.111471861,28.0685504,,,,,,,,,,,,,
0.337662338,3.096750391,,,,,,,,,,,,,
0.382352941,1.360009278,,,,,,,,,,,,,
0.398644833,2.118884834,,,,,,,,,,,,,
0.489067894,1.788479126,,,,,,,,,,,,,
0.506666667,0.018113808,,,,,,,,,,,,,
0.468233471,0.560212097,,,,,,,,,,,,,
0.442280431,0.388415475,,,,,,,,,,,,,
0.476190476,1.178176698,,,,,,,,,,,,,
0.392882311,20.24978652,,,,,,,,,,,,,
0.406698565,0.101575914,,,,,,,,,,,,,
0.436542768,0.923405922,,,,,,,,,,,,,
0.447316728,1.028980035,,,,,,,,,,,,,
0.429752066,0.675381373,,,,,,,,,,,,,
0.535624688,1.30618669,,,,,,,,,,,,,
0.169119769,8.861327572,,,,,,,,,,,,,
0.529328699,0.239823297,,,,,,,,,,,,,
0.516017316,0.432244672,,,,,,,,,,,,,
0.591630592,0.471114755,,,,,,,,,,,,,
0.545454545,0.197637129,,,,,,,,,,,,,
0.433057851,1.338564722,,,,,,,,,,,,,
0.454545455,0.712064759,,,,,,,,,,,,,
0.485612427,0.324804251,,,,,,,,,,,,,
0.421067131,1.842737113,,,,,,,,,,,,,
0.514534521,0.692227795,,,,,,,,,,,,,
0.419191919,0.275526883,,,,,,,,,,,,,
0.48332578,0.686702244,,,,,,,,,,,,,
0.464125122,0.005670937,,,,,,,,,,,,,
0.535812672,2.810293909,,,,,,,,,,,,,
0.559586439,17.37139709,,,,,,,,,,,,,
0.495495495,1.929274856,,,,,,,,,,,,,
0.636363636,1.78E-05,,,,,,,,,,,,,
0.363636364,9.21E-06,,,,,,,,,,,,,
0.493046133,1.941543428,,,,,,,,,,,,,
0.509620747,1.050535639,,,,,,,,,,,,,
0.336653246,13.94155424,,,,,,,,,,,,,
0.517651623,0.873742386,,,,,,,,,,,,,
0.455035531,0.611239806,,,,,,,,,,,,,
0.519924945,1.286533423,,,,,,,,,,,,,
0.43030303,0.706573878,,,,,,,,,,,,,
0.280554003,6.852972731,,,,,,,,,,,,,
0.202886953,19.70937882,,,,,,,,,,,,,
0.174569934,25.13426163,,,,,,,,,,,,,
0.205474096,9.806940155,,,,,,,,,,,,,
0.13033954,3.295313496,,,,,,,,,,,,,
0.180885097,1.632128313,,,,,,,,,,,,,
0.516060748,1.950251752,,,,,,,,,,,,,
0.455883739,1.336253623,,,,,,,,,,,,,
0.484090909,1.618465942,,,,,,,,,,,,,
0.486093815,0.725444245,,,,,,,,,,,,,
0.435828877,0.270727706,,,,,,,,,,,,,
0.432294978,0.154281837,,,,,,,,,,,,,
0.53006993,0.147732209,,,,,,,,,,,,,
0.55553719,0.295304054,,,,,,,,,,,,,
0.636363636,2.52E-05,,,,,,,,,,,,,
0.470661157,0.928471266,,,,,,,,,,,,,
0.487603306,0.680304813,,,,,,,,,,,,,
0.42020202,2.234649705,,,,,,,,,,,,,
0.412816692,1.854743127,,,,,,,,,,,,,
0.470156709,0.00106293,,,,,,,,,,,,,
0.490641711,1.138957349,,,,,,,,,,,,,
0.446342738,0.969697231,,,,,,,,,,,,,
0.44221137,1.315096039,,,,,,,,,,,,,
0.397425583,0.813119964,,,,,,,,,,,,,
0.420062696,0.241158479,,,,,,,,,,,,,
0.48951049,0.704337911,,,,,,,,,,,,,
0.501266054,0.833989591,,,,,,,,,,,,,
0.479313685,0.823462145,,,,,,,,,,,,,
0.399350649,1.559132645,,,,,,,,,,,,,
0.454545455,0.001790905,,,,,,,,,,,,,
0.577540107,0.78395427,,,,,,,,,,,,,
0.417413572,2.829782743,,,,,,,,,,,,,
0.506721763,1.040116169,,,,,,,,,,,,,
0.454545455,0.003109879,,,,,,,,,,,,,
0.480175588,1.713066117,,,,,,,,,,,,,
0.412467532,0.484941228,,,,,,,,,,,,,
0.49862259,0.224279659,,,,,,,,,,,,,
0.47540107,0.871425987,,,,,,,,,,,,,
0.261121857,2.644822493,,,,,,,,,,,,,
0.564738292,0.126015498,,,,,,,,,,,,,
0.347212051,5.335086411,,,,,,,,,,,,,
0.235806786,11.84897352,,,,,,,,,,,,,
0.240048865,6.830851953,,,,,,,,,,,,,
0.260889266,27.59989475,,,,,,,,,,,,,
0.170227622,5.470403215,,,,,,,,,,,,,
0.208685938,5.40332585,,,,,,,,,,,,,
0.201515152,9.68501217,,,,,,,,,,,,,
0.174772596,8.656075172,,,,,,,,,,,,,
0.183195592,6.232747767,,,,,,,,,,,,,
0.268719481,6.481432167,,,,,,,,,,,,,
0.477522478,0.176714098,,,,,,,,,,,,,
0.484464029,1.058258992,,,,,,,,,,,,,
0.394405594,1.484628544,,,,,,,,,,,,,
0.430913026,6.032913174,,,,,,,,,,,,,
0.426997245,0.440360671,,,,,,,,,,,,,
0.519480519,0.500311517,,,,,,,,,,,,,
0.528997685,0.728517219,,,,,,,,,,,,,
0.469354175,0.317621866,,,,,,,,,,,,,
0.439393939,0.135066592,,,,,,,,,,,,,
0.437596302,0.458610532,,,,,,,,,,,,,
0.439393939,0.13568176,,,,,,,,,,,,,
0.504611331,0.21458387,,,,,,,,,,,,,
0.467996289,0.300444936,,,,,,,,,,,,,
0.457459305,0.448224269,,,,,,,,,,,,,
0.420062696,0.573153352,,,,,,,,,,,,,
0.493072922,1.934775091,,,,,,,,,,,,,
0.476430976,2.299883958,,,,,,,,,,,,,
0.475013291,1.111002852,,,,,,,,,,,,,
0.190076228,4.16726356,,,,,,,,,,,,,
0.253194337,7.515155076,,,,,,,,,,,,,
0.149767903,27.92261742,,,,,,,,,,,,,
0.130165289,17.31328255,,,,,,,,,,,,,
0.163734115,4.933398994,,,,,,,,,,,,,
0.143267259,13.29137661,,,,,,,,,,,,,
0.111004785,25.56691175,,,,,,,,,,,,,
0.106495994,19.16618363,,,,,,,,,,,,,
0.046753247,11.30519243,,,,,,,,,,,,,
0.049910873,52.35764083,,,,,,,,,,,,,
0.192919454,7.674024311,,,,,,,,,,,,,
0.131053247,2.741796244,,,,,,,,,,,,,
0.108494784,26.89448206,,,,,,,,,,,,,
0.16490675,8.797595778,,,,,,,,,,,,,
0.108891109,20.53031097,,,,,,,,,,,,,
0.101459469,30.94162867,,,,,,,,,,,,,
0.139336219,22.31976952,,,,,,,,,,,,,
0.157832598,25.46993631,,,,,,,,,,,,,
0.191246171,33.2103484,,,,,,,,,,,,,
0.521925936,1.074941352,,,,,,,,,,,,,
0.539938934,0.139840135,,,,,,,,,,,,,
0.409181503,0.95795189,,,,,,,,,,,,,
0.416422287,0.144361294,,,,,,,,,,,,,
0.462269756,4.15405728,,,,,,,,,,,,,
0.46020646,12.08240417,,,,,,,,,,,,,
0.572091615,0.090799707,,,,,,,,,,,,,
0.455194805,0.259028319,,,,,,,,,,,,,
0.549039735,0.301195159,,,,,,,,,,,,,
0.509881423,2.921963171,,,,,,,,,,,,,
0.459877521,0.139213475,,,,,,,,,,,,,
0.450640269,0.69189281,,,,,,,,,,,,,
0.398484848,5.30325131,,,,,,,,,,,,,
0.437229437,0.300855489,,,,,,,,,,,,,
0.58961039,0.011806854,,,,,,,,,,,,,
0.058723885,0.654049137,,,,,,,,,,,,,
0.489823549,9.879438984,,,,,,,,,,,,,
0.522429589,1.739016767,,,,,,,,,,,,,
0.459492888,0.439723615,,,,,,,,,,,,,
0.467225248,9.799817024,,,,,,,,,,,,,
0.462242026,1.385863578,,,,,,,,,,,,,
0.43233329,3.290327108,,,,,,,,,,,,,
0.541999872,0.163695274,,,,,,,,,,,,,
0.566738337,0.049807454,,,,,,,,,,,,,
0.535855449,1.78304537,,,,,,,,,,,,,
0.540742352,0.259507663,,,,,,,,,,,,,
0.598613464,4.957582058,,,,,,,,,,,,,
0.468065972,11.6632061,,,,,,,,,,,,,
0.466425141,0.256079552,,,,,,,,,,,,,
0.439393939,0.133804466,,,,,,,,,,,,,
0.278338945,0.770111356,,,,,,,,,,,,,
0.445974026,9.901659306,,,,,,,,,,,,,
0.511961722,0.360242516,,,,,,,,,,,,,
0.388429752,2.723817554,,,,,,,,,,,,,
0.400826446,0.926407311,,,,,,,,,,,,,
0.415360502,1.147484994,,,,,,,,,,,,,
0.147921944,1.349794296,,,,,,,,,,,,,
0.085289369,10.98333356,,,,,,,,,,,,,
0.328233794,1.10745875,,,,,,,,,,,,,
0.13361806,20.33857033,,,,,,,,,,,,,
0.207792208,40.91576994,,,,,,,,,,,,,
0.117403986,34.81813053,,,,,,,,,,,,,
0.228248302,3.457640253,,,,,,,,,,,,,
0.091686092,10.14031759,,,,,,,,,,,,,
0.112146677,20.13417826,,,,,,,,,,,,,
0.048589342,0.210756595,,,,,,,,,,,,,
0.302915488,3.802676526,,,,,,,,,,,,,
0.041212121,17.07622016,,,,,,,,,,,,,
0.539823884,1.141077796,,,,,,,,,,,,,
0.518148981,4.240431091,,,,,,,,,,,,,
0.509881423,2.914934711,,,,,,,,,,,,,
0.485826002,0.226058726,,,,,,,,,,,,,
0.520936639,0.529735075,,,,,,,,,,,,,
0.495454545,2.317883686,,,,,,,,,,,,,
0.416363636,0.835749398,,,,,,,,,,,,,
0.545454545,0.010004435,,,,,,,,,,,,,
0.567493113,0.001556795,,,,,,,,,,,,,
0.490531854,0.677933928,,,,,,,,,,,,,
0.458168018,0.09423759,,,,,,,,,,,,,
0.413525499,6.800580065,,,,,,,,,,,,,
0.447182282,0.488573617,,,,,,,,,,,,,
0.535035958,0.513723928,,,,,,,,,,,,,
0.459755767,1.332543376,,,,,,,,,,,,,
0.575098814,0.041102907,,,,,,,,,,,,,
0.430569431,0.053756142,,,,,,,,,,,,,
0.109396486,30.56150093,,,,,,,,,,,,,
0.107645688,20.7434568,,,,,,,,,,,,,
0.220737596,12.77144795,,,,,,,,,,,,,
0.136921498,20.69268578,,,,,,,,,,,,,
0.055411255,1.128620277,,,,,,,,,,,,,
0.109774272,13.93538488,,,,,,,,,,,,,
0.191608392,3.691025293,,,,,,,,,,,,,
0.123205742,26.30019609,,,,,,,,,,,,,
0.125541126,43.67307892,,,,,,,,,,,,,
0.203406615,0.855313179,,,,,,,,,,,,,
0.054834055,10.0618895,,,,,,,,,,,,,
0.10596222,14.90814494,,,,,,,,,,,,,
0.435469188,2.080408948,,,,,,,,,,,,,
0.454545455,0.058754061,,,,,,,,,,,,,
0.43040293,3.120913884,,,,,,,,,,,,,
0.420979021,0.468658304,,,,,,,,,,,,,
0.454545455,1.561572605,,,,,,,,,,,,,
0.486766398,1.230474038,,,,,,,,,,,,,
0.454545455,0.309344294,,,,,,,,,,,,,
0.532467532,0.524407211,,,,,,,,,,,,,
0.540957767,0.256831003,,,,,,,,,,,,,
0.427464937,7.650665345,,,,,,,,,,,,,
0.442548654,1.236476393,,,,,,,,,,,,,
0.473939394,1.106806225,,,,,,,,,,,,,
0.398914518,1.617577358,,,,,,,,,,,,,
0.34169279,4.601545938,,,,,,,,,,,,,
0.512265512,0.136723011,,,,,,,,,,,,,
0.416210296,0.355206167,,,,,,,,,,,,,
0.544188562,9.427393582,,,,,,,,,,,,,
0.727272727,0.0020965,,,,,,,,,,,,,
0.450083421,0.739852693,,,,,,,,,,,,,
0.486924035,1.161053689,,,,,,,,,,,,,
0.456545686,0.969156837,,,,,,,,,,,,,
0.467637202,0.162012085,,,,,,,,,,,,,
0.606086922,0.382837062,,,,,,,,,,,,,
0.4,0.691368985,,,,,,,,,,,,,
0.414545455,1.147555893,,,,,,,,,,,,,
0.471258035,0.855516228,,,,,,,,,,,,,
0.263877715,1.383571894,,,,,,,,,,,,,
0.534466843,0.098735449,,,,,,,,,,,,,
0.43706036,0.223480372,,,,,,,,,,,,,
0.292160738,3.260044221,,,,,,,,,,,,,
0.487768595,0.441819278,,,,,,,,,,,,,
0.495199631,12.6521385,,,,,,,,,,,,,
0.483756386,0.573411099,,,,,,,,,,,,,
0.421663443,1.091445224,,,,,,,,,,,,,
0.514229956,0.241400958,,,,,,,,,,,,,
0.489187948,3.44718899,,,,,,,,,,,,,
0.492104871,9.372611883,,,,,,,,,,,,,
0.487427466,2.048973449,,,,,,,,,,,,,
0.537671025,0.961686841,,,,,,,,,,,,,
0.463955714,18.67774988,,,,,,,,,,,,,
0.467559655,1.400504508,,,,,,,,,,,,,
0.394566353,0.225069903,,,,,,,,,,,,,
0.446988112,0.273845599,,,,,,,,,,,,,
0.451952909,0.070450648,,,,,,,,,,,,,
0.471215428,0.17660892,,,,,,,,,,,,,
0.461521465,0.091255637,,,,,,,,,,,,,
0.454545455,0.043806717,,,,,,,,,,,,,
0.528432148,1.198126549,,,,,,,,,,,,,
0.44008658,0.255058617,,,,,,,,,,,,,
0.509881423,2.917493374,,,,,,,,,,,,,
0.541604278,0.339211037,,,,,,,,,,,,,
0.12539185,25.95080128,,,,,,,,,,,,,
0.055772448,0.400094838,,,,,,,,,,,,,
0.145839197,0.353607919,,,,,,,,,,,,,
0.204972191,3.806008273,,,,,,,,,,,,,
0.131818182,0.38014145,,,,,,,,,,,,,
0.428611932,30.44058417,,,,,,,,,,,,,
0.161318448,8.601534673,,,,,,,,,,,,,
0.126521044,44.32711887,,,,,,,,,,,,,
0.181499203,20.02614268,,,,,,,,,,,,,
0.155088973,30.51995409,,,,,,,,,,,,,
0.115786436,22.51838289,,,,,,,,,,,,,
0.050107373,8.631692235,,,,,,,,,,,,,
0.203288394,16.52735909,,,,,,,,,,,,,
0.097288676,34.87772549,,,,,,,,,,,,,
0.120254647,30.54075608,,,,,,,,,,,,,
0.21532634,12.3932869,,,,,,,,,,,,,
0.393181818,0.096005903,,,,,,,,,,,,,
0.539339609,0.767196817,,,,,,,,,,,,,
0.367272727,3.201525834,,,,,,,,,,,,,
0.405818182,1.255674464,,,,,,,,,,,,,
0.449636638,0.971716203,,,,,,,,,,,,,
0.465564738,5.004037417,,,,,,,,,,,,,
0.503685504,3.531497832,,,,,,,,,,,,,
0.454545455,0.568400079,,,,,,,,,,,,,
0.636363636,0.02418358,,,,,,,,,,,,,
0.538069482,0.321156824,,,,,,,,,,,,,
0.51764453,0.478146708,,,,,,,,,,,,,
0.48542024,0.129284227,,,,,,,,,,,,,
0.377057654,9.608980148,,,,,,,,,,,,,
0.399521531,2.018410223,,,,,,,,,,,,,
0.553389684,0.896926801,,,,,,,,,,,,,
0.432912008,0.56022035,,,,,,,,,,,,,
0.458874459,0.636402318,,,,,,,,,,,,,
0.440898662,2.824395702,,,,,,,,,,,,,
0.540368722,0.042296013,,,,,,,,,,,,,
0.545454545,0.061033798,,,,,,,,,,,,,
0.444435312,0.530279176,,,,,,,,,,,,,
0.396658897,1.508124454,,,,,,,,,,,,,
0.36,0.319621043,,,,,,,,,,,,,
0.467049808,5.610732382,,,,,,,,,,,,,
0.509629766,13.12206492,,,,,,,,,,,,,
0.407467532,1.586768756,,,,,,,,,,,,,
0.649334536,0.463773477,,,,,,,,,,,,,
0.455731594,0.451886967,,,,,,,,,,,,,
0.484143763,0.173127629,,,,,,,,,,,,,
0.519191919,2.780472911,,,,,,,,,,,,,
0.455071955,1.008597181,,,,,,,,,,,,,
0.415584416,1.032747523,,,,,,,,,,,,,
0.559812169,2.80574247,,,,,,,,,,,,,
0.436664162,2.652926739,,,,,,,,,,,,,
0.590909091,0.003601911,,,,,,,,,,,,,
0.459087881,0.680234613,,,,,,,,,,,,,
0.557470356,0.792026071,,,,,,,,,,,,,
0.534872002,0.041369509,,,,,,,,,,,,,
0.529676935,0.013177705,,,,,,,,,,,,,
0.490073145,0.183696058,,,,,,,,,,,,,
0.442657343,2.691229615,,,,,,,,,,,,,
0.491252588,9.722667492,,,,,,,,,,,,,
0.436807485,2.533117997,,,,,,,,,,,,,
0.453532908,1.393915162,,,,,,,,,,,,,
0.485362096,0.042721954,,,,,,,,,,,,,
0.471769074,11.94100164,,,,,,,,,,,,,
0.568566276,0.465209559,,,,,,,,,,,,,
0.528857418,14.74610084,,,,,,,,,,,,,
0.43214823,0.498310239,,,,,,,,,,,,,
0.357013524,1.371695503,,,,,,,,,,,,,
0.454744817,0.268017555,,,,,,,,,,,,,
0.616589317,0.099781598,,,,,,,,,,,,,
0.519138756,0.544835169,,,,,,,,,,,,,
0.568934964,1.518775261,,,,,,,,,,,,,
0.42750156,24.7088025,,,,,,,,,,,,,
0.307210031,0.069139013,,,,,,,,,,,,,
0.438078659,12.97768013,,,,,,,,,,,,,
0.402113238,0.01265346,,,,,,,,,,,,,
0.522994652,0.928633793,,,,,,,,,,,,,
0.465140123,0.439035147,,,,,,,,,,,,,
0.422459893,0.520419321,,,,,,,,,,,,,
0.505347594,0.641762968,,,,,,,,,,,,,
0.45825603,0.601858145,,,,,,,,,,,,,
0.454545455,0.073110935,,,,,,,,,,,,,
0.168686869,0.492484855,,,,,,,,,,,,,
0.046464646,10.99346194,,,,,,,,,,,,,
0.133668661,13.2617333,,,,,,,,,,,,,
0.287376023,0.72539934,,,,,,,,,,,,,
0.174580396,21.49994994,,,,,,,,,,,,,
0.156177156,42.8860713,,,,,,,,,,,,,
0.145697311,0.883549087,,,,,,,,,,,,,
0.265080714,0.718238375,,,,,,,,,,,,,
0.439393939,0.134595479,,,,,,,,,,,,,
0.545454545,1.81E-05,,,,,,,,,,,,,
0.454545455,5.94E-06,,,,,,,,,,,,,
0.403697997,0.438802707,,,,,,,,,,,,,
0.437950938,1.086035244,,,,,,,,,,,,,
0.515584416,11.4644484,,,,,,,,,,,,,
0.405238829,1.024837161,,,,,,,,,,,,,
0.439393939,23.77240301,,,,,,,,,,,,,
0.435950413,4.873285879,,,,,,,,,,,,,
0.522428467,0.494953486,,,,,,,,,,,,,
0.034883721,31.25696122,,,,,,,,,,,,,
0.502164502,0.182377699,,,,,,,,,,,,,
0.485213582,0.553813332,,,,,,,,,,,,,
0.44969697,0.974224123,,,,,,,,,,,,,
0.484265612,1.001110852,,,,,,,,,,,,,
0.363636364,0.420365804,,,,,,,,,,,,,
0.544242424,1.206973798,,,,,,,,,,,,,
0.509090909,0.142853034,,,,,,,,,,,,,
0.441113173,0.222941387,,,,,,,,,,,,,
0.442031653,0.321548242,,,,,,,,,,,,,
0.28317089,0.885683001,,,,,,,,,,,,,
0.48796393,0.713878649,,,,,,,,,,,,,
0.348484848,16.80308514,,,,,,,,,,,,,
0.462322015,0.637727296,,,,,,,,,,,,,
0.442579552,1.669785099,,,,,,,,,,,,,
0.447880871,2.054384822,,,,,,,,,,,,,
0.51592014,4.190020574,,,,,,,,,,,,,
0.515064935,0.280576857,,,,,,,,,,,,,
0.473982057,0.166694823,,,,,,,,,,,,,
0.411570248,0.193633934,,,,,,,,,,,,,
0.367588933,3.717428515,,,,,,,,,,,,,
0.475687104,1.25031861,,,,,,,,,,,,,
0.409090909,1.472206768,,,,,,,,,,,,,
0.439393939,0.23401315,,,,,,,,,,,,,
0.280172414,3.90247609,,,,,,,,,,,,,
0.454545455,0.078140228,,,,,,,,,,,,,
0.147319881,63.42692825,,,,,,,,,,,,,
0.141927705,21.1539076,,,,,,,,,,,,,
0.148841697,3.064323208,,,,,,,,,,,,,
0.124475524,10.25069259,,,,,,,,,,,,,
0.17224107,3.341127105,,,,,,,,,,,,,
0.170440394,3.227498956,,,,,,,,,,,,,
0.158249158,13.6734065,,,,,,,,,,,,,
0.342454852,0.797498857,,,,,,,,,,,,,
0.095397215,1.185306707,,,,,,,,,,,,,
0.237759793,11.79705916,,,,,,,,,,,,,
0.175692207,8.061126614,,,,,,,,,,,,,
0.113365801,22.87779711,,,,,,,,,,,,,
0.098874459,7.39434657,,,,,,,,,,,,,
0.107359307,26.8470653,,,,,,,,,,,,,
0.131437528,7.842068892,,,,,,,,,,,,,
0.114784206,34.36335465,,,,,,,,,,,,,
0.081930415,8.788714969,,,,,,,,,,,,,
0.111004785,0.157317363,,,,,,,,,,,,,
0.124518892,17.47291712,,,,,,,,,,,,,
0.15618637,17.34300011,,,,,,,,,,,,,
0.445186085,0.900709939,,,,,,,,,,,,,
0.443636364,2.157904555,,,,,,,,,,,,,
0.448484848,0.148776733,,,,,,,,,,,,,
0.518181818,0.214478285,,,,,,,,,,,,,
0.417565485,0.341446816,,,,,,,,,,,,,
0.455555556,1.23631368,,,,,,,,,,,,,
0.509881423,2.925870946,,,,,,,,,,,,,
0.478474531,1.109973618,,,,,,,,,,,,,
0.442856306,19.39508325,,,,,,,,,,,,,
0.636363636,1.38E-05,,,,,,,,,,,,,
0.044755245,20.15299188,,,,,,,,,,,,,
0.636363636,2.71E-06,,,,,,,,,,,,,
0.544320863,0.534950828,,,,,,,,,,,,,
0.350599294,0.106178906,,,,,,,,,,,,,
0.463083314,1.650931882,,,,,,,,,,,,,
0.415584416,0.191662375,,,,,,,,,,,,,
0.483253589,1.468984338,,,,,,,,,,,,,
0.472043443,6.438254913,,,,,,,,,,,,,
0.412776413,1.67353645,,,,,,,,,,,,,
0.526315789,1.016895038,,,,,,,,,,,,,
0.500707559,1.429429131,,,,,,,,,,,,,
0.504887698,0.46076216,,,,,,,,,,,,,
0.486363636,1.247481943,,,,,,,,,,,,,
0.485527544,0.121759973,,,,,,,,,,,,,
0.152796203,9.527754513,,,,,,,,,,,,,
0.094164456,1.068352831,,,,,,,,,,,,,
0.144214071,8.274075996,,,,,,,,,,,,,
0.103220194,30.25366278,,,,,,,,,,,,,
0.124688995,7.775489157,,,,,,,,,,,,,
0.106565657,23.64922433,,,,,,,,,,,,,
0.093006993,31.25533575,,,,,,,,,,,,,
0.195682633,9.667584597,,,,,,,,,,,,,
0.041808459,9.488100909,,,,,,,,,,,,,
0.259677772,1.017998337,,,,,,,,,,,,,
0.134906534,43.32788995,,,,,,,,,,,,,
0.147171011,16.60955298,,,,,,,,,,,,,
0.133149679,0.13143456,,,,,,,,,,,,,
0.468245839,0.831310782,,,,,,,,,,,,,
0.493506494,0.318777602,,,,,,,,,,,,,
0.435571096,12.72489285,,,,,,,,,,,,,
0.439087229,0.265798329,,,,,,,,,,,,,
0.488874762,0.163721996,,,,,,,,,,,,,
0.383685998,2.276501353,,,,,,,,,,,,,
0.488505747,2.047520319,,,,,,,,,,,,,
0.179487179,10.1777101,,,,,,,,,,,,,
0.533143939,1.682831929,,,,,,,,,,,,,
0.506394217,5.790273018,,,,,,,,,,,,,
0.423881674,2.158134037,,,,,,,,,,,,,
0.446542203,7.646997408,,,,,,,,,,,,,
0.470749065,0.538014831,,,,,,,,,,,,,
0.417014178,1.04010628,,,,,,,,,,,,,
0.727272727,0.002441443,,,,,,,,,,,,,
0.484199134,0.457592026,,,,,,,,,,,,,
0.532467532,0.383466705,,,,,,,,,,,,,
0.557943067,1.854364518,,,,,,,,,,,,,
0.519164619,0.668656759,,,,,,,,,,,,,
0.528096421,0.398586201,,,,,,,,,,,,,
0.448719443,2.267903725,,,,,,,,,,,,,
0.279156487,0.639181878,,,,,,,,,,,,,
0.501992618,0.896265124,,,,,,,,,,,,,
0.482978106,6.933343608,,,,,,,,,,,,,
0.501887481,1.099258249,,,,,,,,,,,,,
0.468357999,4.623120848,,,,,,,,,,,,,
0.439393939,0.134010801,,,,,,,,,,,,,
0.514718615,1.469906583,,,,,,,,,,,,,
0.501102073,10.95280917,,,,,,,,,,,,,
0.517217631,0.476689535,,,,,,,,,,,,,
0.548362886,0.724777389,,,,,,,,,,,,,
0.441596639,0.217866831,,,,,,,,,,,,,
0.484375,0.579247164,,,,,,,,,,,,,
0.19885918,27.59091824,,,,,,,,,,,,,
0.125638407,2.188375001,,,,,,,,,,,,,
0.120779221,28.9140542,,,,,,,,,,,,,
0.084563164,2.562884412,,,,,,,,,,,,,
0.13061651,38.00098607,,,,,,,,,,,,,
0.174196511,0.218574354,,,,,,,,,,,,,
0.138022865,20.96303922,,,,,,,,,,,,,
0.551469717,0.198911922,,,,,,,,,,,,,
0.47788491,3.678911175,,,,,,,,,,,,,
0.484848485,0.338368596,,,,,,,,,,,,,
0.450434338,0.426556128,,,,,,,,,,,,,
0.534055728,0.544401937,,,,,,,,,,,,,
0.477017365,0.381046156,,,,,,,,,,,,,
0.454545455,0.06996568,,,,,,,,,,,,,
0.440475725,3.708887365,,,,,,,,,,,,,
0.489304813,0.591915097,,,,,,,,,,,,,
0.452588082,0.615951793,,,,,,,,,,,,,
0.580678125,0.905606002,,,,,,,,,,,,,
0.545454545,2.03E-06,,,,,,,,,,,,,
0.492063492,0.548876974,,,,,,,,,,,,,
0.430539453,1.997941035,,,,,,,,,,,,,
0.50653148,1.073432602,,,,,,,,,,,,,
0.442780749,1.679332808,,,,,,,,,,,,,
0.439393939,0.134975429,,,,,,,,,,,,,
0.292754161,1.635389141,,,,,,,,,,,,,
0.454545455,0.003272788,,,,,,,,,,,,,
0.482934609,10.71756017,,,,,,,,,,,,,
0.122177186,41.06810492,,,,,,,,,,,,,
0.553359684,0.116508193,,,,,,,,,,,,,
0.454545455,0.000116008,,,,,,,,,,,,,
0.526473526,0.280924904,,,,,,,,,,,,,
0.4,0.029022333,,,,,,,,,,,,,
0.545454545,0.001046831,,,,,,,,,,,,,
0.533555788,12.05476301,,,,,,,,,,,,,
0.528249617,0.865894321,,,,,,,,,,,,,
0.460776983,0.280382735,,,,,,,,,,,,,
0.592706728,0.490307765,,,,,,,,,,,,,
0.544258052,2.103544824,,,,,,,,,,,,,
0.468992855,0.197548545,,,,,,,,,,,,,
0.47768595,1.171333704,,,,,,,,,,,,,
0.284964112,0.593197441,,,,,,,,,,,,,
0.454545455,0.053563452,,,,,,,,,,,,,
0.060227273,0.231077817,,,,,,,,,,,,,
0.098808408,18.86515689,,,,,,,,,,,,,
0.169456635,29.88821116,,,,,,,,,,,,,
0.152597403,2.553179739,,,,,,,,,,,,,
0.147727273,39.58475224,,,,,,,,,,,,,
0.153027725,29.19291416,,,,,,,,,,,,,
0.252392344,0.690039909,,,,,,,,,,,,,
0.493894166,0.738566057,,,,,,,,,,,,,
0.290623766,2.011346743,,,,,,,,,,,,,
0.422695474,0.297491391,,,,,,,,,,,,,
0.753246753,0.058447939,,,,,,,,,,,,,
0.52519931,0.044606999,,,,,,,,,,,,,
0.500858601,0.518662445,,,,,,,,,,,,,
0.542424242,0.10881352,,,,,,,,,,,,,
0.471358749,1.155138693,,,,,,,,,,,,,
0.40625,0.671728995,,,,,,,,,,,,,
0.451497987,0.7140911,,,,,,,,,,,,,
0.481371088,1.199365056,,,,,,,,,,,,,
0.382819795,4.419036486,,,,,,,,,,,,,
0.371327768,10.70809748,,,,,,,,,,,,,
0.469543924,0.186627292,,,,,,,,,,,,,
0.491785323,1.295490163,,,,,,,,,,,,,
0.482093664,1.155145202,,,,,,,,,,,,,
0.575098814,0.043379055,,,,,,,,,,,,,
0.472866968,1.56088233,,,,,,,,,,,,,
0.454545455,0.070708346,,,,,,,,,,,,,
0.159131041,18.79304645,,,,,,,,,,,,,
0.22397892,0.670665524,,,,,,,,,,,,,
0.051136364,12.27315688,,,,,,,,,,,,,
0.217904233,0.339654928,,,,,,,,,,,,,
0.160763479,25.412921,,,,,,,,,,,,,
0.20446571,1.651148858,,,,,,,,,,,,,
0.090225564,0.190921572,,,,,,,,,,,,,
0.130148197,9.798558413,,,,,,,,,,,,,
0.048027444,15.53451188,,,,,,,,,,,,,
0.085746352,22.59920084,,,,,,,,,,,,,
0.050290135,6.596041946,,,,,,,,,,,,,
0.042633229,35.88183274,,,,,,,,,,,,,
0.187439521,0.784347776,,,,,,,,,,,,,
0.273551114,5.870988996,,,,,,,,,,,,,
0.11514691,9.370234847,,,,,,,,,,,,,
0.52784576,2.771180325,,,,,,,,,,,,,
0.454545455,1.72E-05,,,,,,,,,,,,,
0.411931818,0.759735659,,,,,,,,,,,,,
0.383788625,0.228157832,,,,,,,,,,,,,
0.538988707,0.155306456,,,,,,,,,,,,,
0.43034743,0.472384863,,,,,,,,,,,,,
0.444161153,6.500765542,,,,,,,,,,,,,
0.501683502,0.686035216,,,,,,,,,,,,,
0.508417508,0.168121336,,,,,,,,,,,,,
0.531002331,1.132871657,,,,,,,,,,,,,
0.545454545,0.00351596,,,,,,,,,,,,,
0.486563751,2.817127967,,,,,,,,,,,,,
0.545454545,0.002223783,,,,,,,,,,,,,
0.44680468,1.55950022,,,,,,,,,,,,,
0.513474668,4.765047973,,,,,,,,,,,,,
0.420815548,0.72031533,,,,,,,,,,,,,
0.461952445,1.68757012,,,,,,,,,,,,,
0.475757576,3.32973852,,,,,,,,,,,,,
0.454545455,0.598084452,,,,,,,,,,,,,
0.045157457,2.705236173,,,,,,,,,,,,,
0.194538795,0.858082919,,,,,,,,,,,,,
0.16092504,13.01155192,,,,,,,,,,,,,
0.202680653,2.327046316,,,,,,,,,,,,,
0.093181818,25.56812253,,,,,,,,,,,,,
0.496012759,0.39803661,,,,,,,,,,,,,
0.547984144,2.465914437,,,,,,,,,,,,,
0.513560891,0.875794706,,,,,,,,,,,,,
0.573932092,0.669701723,,,,,,,,,,,,,
0.526895752,1.838841533,,,,,,,,,,,,,
0.45888091,0.552552762,,,,,,,,,,,,,
0.322077922,0.742345553,,,,,,,,,,,,,
0.433374844,0.247090302,,,,,,,,,,,,,
0.344155844,8.651546066,,,,,,,,,,,,,
0.412776413,1.328972745,,,,,,,,,,,,,
0.521539126,2.07896269,,,,,,,,,,,,,
0.173667712,4.317174856,,,,,,,,,,,,,
0.496558402,0.213731074,,,,,,,,,,,,,
0.424242424,0.008803012,,,,,,,,,,,,,
0.471736273,1.306017077,,,,,,,,,,,,,
0.558479294,1.439242747,,,,,,,,,,,,,
0.454545455,0.016796883,,,,,,,,,,,,,
0.41991342,0.538904144,,,,,,,,,,,,,
0.458967328,0.876306931,,,,,,,,,,,,,
0.545454545,5.45E-06,,,,,,,,,,,,,
0.487878788,0.391900936,,,,,,,,,,,,,
0.322510823,0.550451057,,,,,,,,,,,,,
0.454545455,0.076426117,,,,,,,,,,,,,
0.423424178,1.247982026,,,,,,,,,,,,,
0.412121212,2.98287207,,,,,,,,,,,,,
0.545454545,0.004566093,,,,,,,,,,,,,
0.484260711,0.417009187,,,,,,,,,,,,,
0.609830361,0.13854953,,,,,,,,,,,,,
0.552984389,0.272441836,,,,,,,,,,,,,
0.389807939,1.72533496,,,,,,,,,,,,,
0.446803713,0.409981272,,,,,,,,,,,,,
0.309090909,1.235487887,,,,,,,,,,,,,
0.467849224,0.636246353,,,,,,,,,,,,,
0.582037663,0.242519984,,,,,,,,,,,,,
0.563165504,0.210773633,,,,,,,,,,,,,
0.478609626,0.259087516,,,,,,,,,,,,,
0.411000764,1.108648862,,,,,,,,,,,,,
0.503496503,0.667794521,,,,,,,,,,,,,
0.527777778,0.62287725,,,,,,,,,,,,,
0.636363636,0.011938994,,,,,,,,,,,,,
0.575098814,0.045228743,,,,,,,,,,,,,
0.414634573,1.58646701,,,,,,,,,,,,,
0.216230098,1.713887551,,,,,,,,,,,,,
0.171952079,5.871417399,,,,,,,,,,,,,
0.182900433,0.730837348,,,,,,,,,,,,,
0.179807907,12.49899425,,,,,,,,,,,,,
0.456960565,0.123796918,,,,,,,,,,,,,
0.402451481,0.423720039,,,,,,,,,,,,,
0.484356899,1.093367974,,,,,,,,,,,,,
0.415940224,0.634834039,,,,,,,,,,,,,
0.482683983,0.514201676,,,,,,,,,,,,,
0.468135638,0.212409419,,,,,,,,,,,,,
0.418855219,0.525275729,,,,,,,,,,,,,
0.175585284,1.019910537,,,,,,,,,,,,,
0.405063291,0.675107801,,,,,,,,,,,,,
0.419294991,0.19483275,,,,,,,,,,,,,
0.518090196,1.155849744,,,,,,,,,,,,,
0.428354978,1.40459108,,,,,,,,,,,,,
0.477827051,7.574073757,,,,,,,,,,,,,
0.429210134,0.665209029,,,,,,,,,,,,,
0.438997114,2.263415853,,,,,,,,,,,,,
0.454545455,3.34E-06,,,,,,,,,,,,,
0.397727273,1.590257192,,,,,,,,,,,,,
0.400932401,2.182586267,,,,,,,,,,,,,
0.439296987,22.46425355,,,,,,,,,,,,,
0.503919706,0.234460978,,,,,,,,,,,,,
0.461265885,5.230449285,,,,,,,,,,,,,
0.552188552,0.22128463,,,,,,,,,,,,,
0.386987522,0.084440506,,,,,,,,,,,,,
0.454545455,0.047728098,,,,,,,,,,,,,
0.46969697,1.183566539,,,,,,,,,,,,,
0.498701299,0.717125906,,,,,,,,,,,,,
0.471264368,1.433031903,,,,,,,,,,,,,
0.506446281,0.684923716,,,,,,,,,,,,,
0.511127415,0.888225022,,,,,,,,,,,,,
0.257441673,1.280088641,,,,,,,,,,,,,
0.454545455,6.500021656,,,,,,,,,,,,,
0.187698591,23.47375709,,,,,,,,,,,,,
0.11572273,27.86844714,,,,,,,,,,,,,
0.198110952,7.53176967,,,,,,,,,,,,,
0.148586196,12.10312711,,,,,,,,,,,,,
0.289169456,4.676185343,,,,,,,,,,,,,
0.131806436,16.8819972,,,,,,,,,,,,,
0.246492911,1.021593042,,,,,,,,,,,,,
0.045454545,12.04818296,,,,,,,,,,,,,
0.156353044,20.12677349,,,,,,,,,,,,,
0.123232323,27.86877046,,,,,,,,,,,,,
0.203531339,8.015730924,,,,,,,,,,,,,
0.099570686,8.790769479,,,,,,,,,,,,,
0.181818182,6.524933643,,,,,,,,,,,,,
0.422424242,9.342596356,,,,,,,,,,,,,
0.457935264,1.883805703,,,,,,,,,,,,,
0.408688656,2.112011965,,,,,,,,,,,,,
0.446158009,2.658206411,,,,,,,,,,,,,
0.453570145,0.109927955,,,,,,,,,,,,,
0.539731682,0.426018987,,,,,,,,,,,,,
0.487284265,1.082209341,,,,,,,,,,,,,
0.543290043,1.365488451,,,,,,,,,,,,,
0.440312213,3.527871294,,,,,,,,,,,,,
0.454188072,0.674893348,,,,,,,,,,,,,
0.478919631,4.066387164,,,,,,,,,,,,,
0.518427518,0.101876514,,,,,,,,,,,,,
0.46685446,2.939798113,,,,,,,,,,,,,
0.323528188,1.486601203,,,,,,,,,,,,,
0.469997,3.754965746,,,,,,,,,,,,,
0.523480004,1.369844483,,,,,,,,,,,,,
0.636363636,1.95E-05,,,,,,,,,,,,,
0.495867769,0.010800777,,,,,,,,,,,,,
0.358980642,2.479478708,,,,,,,,,,,,,
0.444155844,0.320521592,,,,,,,,,,,,,
0.546078258,0.215795763,,,,,,,,,,,,,
0.532704738,0.887103316,,,,,,,,,,,,,
0.545454545,1.81E-05,,,,,,,,,,,,,
0.545454545,4.92E-06,,,,,,,,,,,,,
0.53030303,0.269555418,,,,,,,,,,,,,
0.338431859,0.043836198,,,,,,,,,,,,,
0.486766398,1.293103888,,,,,,,,,,,,,
0.401043932,0.878188812,,,,,,,,,,,,,
0.48542024,2.784714179,,,,,,,,,,,,,
0.527725759,1.017526279,,,,,,,,,,,,,
0.494439811,1.441548444,,,,,,,,,,,,,
0.468518823,0.141296862,,,,,,,,,,,,,
0.524180785,1.057818126,,,,,,,,,,,,,
0.392817059,0.422574067,,,,,,,,,,,,,
0.454545455,0.021210327,,,,,,,,,,,,,
0.166432221,26.89134408,,,,,,,,,,,,,
0.188976897,25.61638018,,,,,,,,,,,,,
0.166401796,15.84934023,,,,,,,,,,,,,
0.128474831,13.16656542,,,,,,,,,,,,,
0.453227931,0.149117132,,,,,,,,,,,,,
0.486631016,0.491548575,,,,,,,,,,,,,
0.408920348,19.17718493,,,,,,,,,,,,,
0.452157038,2.52340652,,,,,,,,,,,,,
0.41509434,1.106991238,,,,,,,,,,,,,
0.428904429,0.380442352,,,,,,,,,,,,,
0.419786096,0.555714853,,,,,,,,,,,,,
0.454545455,0.012849979,,,,,,,,,,,,,
0.551515152,1.178018001,,,,,,,,,,,,,
0.501772441,1.310588819,,,,,,,,,,,,,
0.406189555,0.703253804,,,,,,,,,,,,,
0.42020202,0.148806392,,,,,,,,,,,,,
0.450671766,1.417704383,,,,,,,,,,,,,
0.535207285,6.157749707,,,,,,,,,,,,,
0.529680736,0.47609601,,,,,,,,,,,,,
0.56012987,1.182326785,,,,,,,,,,,,,
0.545454545,0.073445886,,,,,,,,,,,,,
0.454545455,0.168887854,,,,,,,,,,,,,
0.467615718,2.325640665,,,,,,,,,,,,,
0.454545455,0.025032546,,,,,,,,,,,,,
0.109717868,29.94932347,,,,,,,,,,,,,
0.083038174,37.64002249,,,,,,,,,,,,,
0.101883214,11.32419164,,,,,,,,,,,,,
0.089314195,21.67471922,,,,,,,,,,,,,
0.183292772,7.984319288,,,,,,,,,,,,,
0.110636567,0.72661047,,,,,,,,,,,,,
0.147533779,24.48369522,,,,,,,,,,,,,
0.128031432,37.18374086,,,,,,,,,,,,,
0.178967374,1.059521938,,,,,,,,,,,,,
0.467327507,1.471653585,,,,,,,,,,,,,
0.542976939,0.101924611,,,,,,,,,,,,,
0.440747094,2.344419958,,,,,,,,,,,,,
0.446556474,2.263305998,,,,,,,,,,,,,
0.727272727,0.004978617,,,,,,,,,,,,,
0.53046053,1.1202309,,,,,,,,,,,,,
0.50534022,0.003367468,,,,,,,,,,,,,
0.469421488,0.480348522,,,,,,,,,,,,,
0.45964846,1.032236478,,,,,,,,,,,,,
0.414056532,0.514558364,,,,,,,,,,,,,
0.538758428,1.159786533,,,,,,,,,,,,,
0.488038278,0.887483591,,,,,,,,,,,,,
0.50974026,0.186851455,,,,,,,,,,,,,
0.485936286,11.36518946,,,,,,,,,,,,,
0.433014354,0.044645313,,,,,,,,,,,,,
0.396103896,1.524534069,,,,,,,,,,,,,
0.407138873,0.232407516,,,,,,,,,,,,,
0.447427156,4.1557508,,,,,,,,,,,,,
0.454545455,0.040917958,,,,,,,,,,,,,
0.511241447,0.065056414,,,,,,,,,,,,,
0.177197573,36.74235268,,,,,,,,,,,,,
0.328996585,1.115271343,,,,,,,,,,,,,
0.170333435,26.74661796,,,,,,,,,,,,,
0.106375443,27.75011085,,,,,,,,,,,,,
0.149035813,0.146188418,,,,,,,,,,,,,
0.043158861,5.809352409,,,,,,,,,,,,,
0.159409888,11.92429169,,,,,,,,,,,,,
0.101435407,1.758192018,,,,,,,,,,,,,
0.086124402,8.867020879,,,,,,,,,,,,,
0.132990628,16.17635,,,,,,,,,,,,,
0.406889166,25.74535105,,,,,,,,,,,,,
0.429175476,0.192687362,,,,,,,,,,,,,
0.451544944,1.63273434,,,,,,,,,,,,,
0.514864192,2.693117911,,,,,,,,,,,,,
0.51498798,1.117140645,,,,,,,,,,,,,
0.464125122,0.005667624,,,,,,,,,,,,,
0.411157025,0.91149956,,,,,,,,,,,,,
0.406139315,0.380212063,,,,,,,,,,,,,
0.419191919,0.275529532,,,,,,,,,,,,,
0.493293592,2.937240045,,,,,,,,,,,,,
0.39973262,0.48202756,,,,,,,,,,,,,
0.418952234,3.607529557,,,,,,,,,,,,,
0.487603306,0.45764317,,,,,,,,,,,,,
0.433566434,1.297063437,,,,,,,,,,,,,
0.545454545,0.077509119,,,,,,,,,,,,,
0.424261246,2.700440448,,,,,,,,,,,,,
0.545454545,0.00573034,,,,,,,,,,,,,
0.489699144,34.68639856,,,,,,,,,,,,,
0.496632997,0.117855776,,,,,,,,,,,,,
0.561956645,3.542618994,,,,,,,,,,,,,
0.470116182,0.451815101,,,,,,,,,,,,,
0.636363636,0.001257206,,,,,,,,,,,,,
0.48072659,0.055955775,,,,,,,,,,,,,
0.454545455,0.070842129,,,,,,,,,,,,,
0.636363636,1.46E-05,,,,,,,,,,,,,
0.490790255,0.995530011,,,,,,,,,,,,,
0.486713287,0.10086022,,,,,,,,,,,,,
0.281689443,1.58601568,,,,,,,,,,,,,
0.511462451,0.310210812,,,,,,,,,,,,,
0.41722488,0.3908804,,,,,,,,,,,,,
0.478650761,0.084279132,,,,,,,,,,,,,
0.374474674,18.4023831,,,,,,,,,,,,,
0.421052632,0.058838323,,,,,,,,,,,,,
0.579169797,1.90657036,,,,,,,,,,,,,
0.438502674,0.41288635,,,,,,,,,,,,,
0.443850267,0.49204429,,,,,,,,,,,,,
0.212001437,21.2224769,,,,,,,,,,,,,
0.070939813,3.367629039,,,,,,,,,,,,,
0.253214232,1.119656891,,,,,,,,,,,,,
0.454545455,0.067594713,,,,,,,,,,,,,
0.480213904,0.391033771,,,,,,,,,,,,,
0.445454545,0.213774571,,,,,,,,,,,,,
0.53030303,0.129294509,,,,,,,,,,,,,
0.474870658,0.557072601,,,,,,,,,,,,,
0.514534521,0.69224209,,,,,,,,,,,,,
0.535056447,0.608434813,,,,,,,,,,,,,
0.482954545,0.676848248,,,,,,,,,,,,,
0.30190012,4.052883875,,,,,,,,,,,,,
0.431818182,0.050391677,,,,,,,,,,,,,
0.454545455,0.053861394,,,,,,,,,,,,,
0.482683983,0.811922746,,,,,,,,,,,,,
0.468805704,0.338936307,,,,,,,,,,,,,
0.468807034,0.323398104,,,,,,,,,,,,,
0.542886492,1.047699442,,,,,,,,,,,,,
0.533333333,0.346067214,,,,,,,,,,,,,
0.483116883,0.548642963,,,,,,,,,,,,,
0.468719453,2.913741588,,,,,,,,,,,,,
0.398826979,2.258108526,,,,,,,,,,,,,
0.330909091,1.041713415,,,,,,,,,,,,,
0.386987522,0.08394868,,,,,,,,,,,,,
0.216864696,25.38851541,,,,,,,,,,,,,
0.16590389,29.55287719,,,,,,,,,,,,,
0.233679846,23.64487385,,,,,,,,,,,,,
0.042424242,8.838182071,,,,,,,,,,,,,
0.202392344,1.329627425,,,,,,,,,,,,,
0.103133609,39.72644686,,,,,,,,,,,,,
0.091274188,16.54594881,,,,,,,,,,,,,
0.242771397,8.020049153,,,,,,,,,,,,,
0.442879167,6.330942227,,,,,,,,,,,,,
0.425574426,0.421139931,,,,,,,,,,,,,
0.522107271,1.505815536,,,,,,,,,,,,,
0.508264463,0.297491512,,,,,,,,,,,,,
0.369050305,0.675497581,,,,,,,,,,,,,
0.727272727,0.00307565,,,,,,,,,,,,,
0.435806949,1.454592213,,,,,,,,,,,,,
0.464850567,0.992632993,,,,,,,,,,,,,
0.446739362,2.434913718,,,,,,,,,,,,,
0.432681243,0.531201852,,,,,,,,,,,,,
0.818181818,2.46E-06,,,,,,,,,,,,,
0.405525847,0.130386986,,,,,,,,,,,,,
0.508636364,0.727458781,,,,,,,,,,,,,
0.411255411,0.519496814,,,,,,,,,,,,,
0.434183198,13.48089496,,,,,,,,,,,,,
0.412878788,3.739541002,,,,,,,,,,,,,
0.508669584,1.925730998,,,,,,,,,,,,,
0.4828722,8.351899146,,,,,,,,,,,,,
0.530923994,0.294519023,,,,,,,,,,,,,
0.454545455,0.032108823,,,,,,,,,,,,,
0.58002808,0.384707975,,,,,,,,,,,,,
0.414830119,3.693990559,,,,,,,,,,,,,
0.454545455,0.165466739,,,,,,,,,,,,,
0.517216117,0.090159827,,,,,,,,,,,,,
0.093916262,18.66864492,,,,,,,,,,,,,
0.122994652,12.04469946,,,,,,,,,,,,,
0.076936027,52.75178848,,,,,,,,,,,,,
0.116453794,15.93103001,,,,,,,,,,,,,
0.121885522,29.93403355,,,,,,,,,,,,,
0.130578512,35.82147001,,,,,,,,,,,,,
0.140122378,35.92901598,,,,,,,,,,,,,
0.254004329,7.108208017,,,,,,,,,,,,,
0.109484029,30.08039297,,,,,,,,,,,,,
0.181506137,0.707998533,,,,,,,,,,,,,
0.454545455,0.051204919,,,,,,,,,,,,,
0.410822511,7.05711403,,,,,,,,,,,,,
0.43557881,0.517316949,,,,,,,,,,,,,
0.526220096,0.982020901,,,,,,,,,,,,,
0.388888889,0.794512679,,,,,,,,,,,,,
0.402366864,0.452990429,,,,,,,,,,,,,
0.453192641,5.238397515,,,,,,,,,,,,,
0.45983646,1.032588086,,,,,,,,,,,,,
0.496691048,0.571411088,,,,,,,,,,,,,
0.446466563,0.644653914,,,,,,,,,,,,,
0.533270853,0.001998845,,,,,,,,,,,,,
0.474466985,0.007369641,,,,,,,,,,,,,
0.460501717,1.157485913,,,,,,,,,,,,,
0.428393524,0.855898733,,,,,,,,,,,,,
0.280534515,3.302057652,,,,,,,,,,,,,
0.419126328,0.676962394,,,,,,,,,,,,,
0.501240475,4.594386488,,,,,,,,,,,,,
0.413852814,0.845662373,,,,,,,,,,,,,
0.512892079,1.224860821,,,,,,,,,,,,,
0.564973227,1.97011242,,,,,,,,,,,,,
0.5172949,0.496836923,,,,,,,,,,,,,
0.40861244,3.133116925,,,,,,,,,,,,,
0.497835498,0.758718881,,,,,,,,,,,,,
0.472820256,2.38664681,,,,,,,,,,,,,
0.510078053,1.279787004,,,,,,,,,,,,,
0.505050505,0.258660749,,,,,,,,,,,,,
0.545454545,0.00482694,,,,,,,,,,,,,
0.454545455,0.03208724,,,,,,,,,,,,,
0.545454545,0.000817554,,,,,,,,,,,,,
0.485546711,2.093257494,,,,,,,,,,,,,
0.458252427,0.471680209,,,,,,,,,,,,,
0.459268005,1.405325758,,,,,,,,,,,,,
0.482072829,22.51157888,,,,,,,,,,,,,
0.546797521,0.062812937,,,,,,,,,,,,,
0.454545455,0.029266861,,,,,,,,,,,,,
0.160052129,9.306870137,,,,,,,,,,,,,
0.266388657,0.593753707,,,,,,,,,,,,,
0.046312178,5.717435079,,,,,,,,,,,,,
0.157202275,33.1197371,,,,,,,,,,,,,
0.091222211,22.39812415,,,,,,,,,,,,,
0.129429892,35.66725484,,,,,,,,,,,,,
0.541646324,0.291583442,,,,,,,,,,,,,
0.545454545,0.002928086,,,,,,,,,,,,,
0.513865445,0.204431458,,,,,,,,,,,,,
0.487628653,5.375557778,,,,,,,,,,,,,
0.471861472,0.02636877,,,,,,,,,,,,,
0.474347435,0.150355919,,,,,,,,,,,,,
0.420703384,0.152498697,,,,,,,,,,,,,
0.461408605,2.675584271,,,,,,,,,,,,,
0.512379512,5.287910115,,,,,,,,,,,,,
0.454545455,0.040938872,,,,,,,,,,,,,
0.381083563,1.231900888,,,,,,,,,,,,,
0.439393939,0.64161787,,,,,,,,,,,,,
0.440973111,2.351181608,,,,,,,,,,,,,
0.444985942,8.108185076,,,,,,,,,,,,,
0.405257393,1.814806331,,,,,,,,,,,,,
0.428427497,30.30303015,,,,,,,,,,,,,
0.474096921,0.558389279,,,,,,,,,,,,,
0.480436998,0.733925239,,,,,,,,,,,,,
0.539977699,15.4470848,,,,,,,,,,,,,
0.432727273,0.7804881,,,,,,,,,,,,,
0.512082854,1.323771193,,,,,,,,,,,,,
0.470139899,0.252638155,,,,,,,,,,,,,
0.452651515,0.057274208,,,,,,,,,,,,,
0.46162848,0.159002682,,,,,,,,,,,,,
0.484554525,0.24523148,,,,,,,,,,,,,
0.498267558,0.990560093,,,,,,,,,,,,,
0.471522063,0.86032613,,,,,,,,,,,,,
0.454246017,0.280213811,,,,,,,,,,,,,
0.497098646,0.226252303,,,,,,,,,,,,,
0.455988456,0.720232763,,,,,,,,,,,,,
0.46031746,0.314824816,,,,,,,,,,,,,
0.482411156,0.400987841,,,,,,,,,,,,,
0.418732782,0.602717533,,,,,,,,,,,,,
0.397727273,1.098312671,,,,,,,,,,,,,
0.45750831,0.280116697,,,,,,,,,,,,,
0.397621071,1.063597419,,,,,,,,,,,,,
0.518565941,3.2878415,,,,,,,,,,,,,
0.524573466,0.040585702,,,,,,,,,,,,,
0.411067194,1.772756859,,,,,,,,,,,,,
0.451281256,1.049257089,,,,,,,,,,,,,
0.437793318,0.143675234,,,,,,,,,,,,,
0.503325942,0.284086238,,,,,,,,,,,,,
0.434659091,0.870379021,,,,,,,,,,,,,
0.499009762,0.421898113,,,,,,,,,,,,,
0.586247086,1.256108592,,,,,,,,,,,,,
0.127560773,16.66494449,,,,,,,,,,,,,
0.297346506,7.372226813,,,,,,,,,,,,,
0.045726728,3.324258821,,,,,,,,,,,,,
0.101883214,18.97061579,,,,,,,,,,,,,
0.099729973,39.55616536,,,,,,,,,,,,,
0.118277057,25.48478087,,,,,,,,,,,,,
0.216804408,23.65458084,,,,,,,,,,,,,
0.146765642,40.05446532,,,,,,,,,,,,,
0.155037902,0.463584843,,,,,,,,,,,,,
0.408658009,1.683212079,,,,,,,,,,,,,
0.529380378,0.384619456,,,,,,,,,,,,,
0.253787879,0.278821294,,,,,,,,,,,,,
0.427188552,2.154489256,,,,,,,,,,,,,
0.47747359,8.817103672,,,,,,,,,,,,,
0.464288888,0.991089558,,,,,,,,,,,,,
0.534265734,0.70159305,,,,,,,,,,,,,
0.436671082,0.957401219,,,,,,,,,,,,,
0.490358127,0.100695483,,,,,,,,,,,,,
0.40755608,1.509636485,,,,,,,,,,,,,
0.454545455,6.99E-06,,,,,,,,,,,,,
0.34402852,4.404837204,,,,,,,,,,,,,
0.496753247,0.185327812,,,,,,,,,,,,,
0.476237448,14.98323475,,,,,,,,,,,,,
0.501989396,6.933744084,,,,,,,,,,,,,
0.482081189,3.563213832,,,,,,,,,,,,,
0.41187384,0.993690722,,,,,,,,,,,,,
0.435592373,0.572742064,,,,,,,,,,,,,
0.442719882,6.350326666,,,,,,,,,,,,,
0.505410052,0.010548502,,,,,,,,,,,,,
0.470361322,2.403846919,,,,,,,,,,,,,
0.471291866,0.423919785,,,,,,,,,,,,,
0.405901116,9.27585857,,,,,,,,,,,,,
0.409090909,3.402426942,,,,,,,,,,,,,
0.459904742,18.47142656,,,,,,,,,,,,,
0.535425359,0.063506809,,,,,,,,,,,,,
0.421328671,0.019174237,,,,,,,,,,,,,
0.423049906,0.535404282,,,,,,,,,,,,,
0.42737722,0.369847233,,,,,,,,,,,,,
0.527998066,0.016084877,,,,,,,,,,,,,
0.482338058,0.035109141,,,,,,,,,,,,,
0.363636364,4.890106625,,,,,,,,,,,,,
0.424471993,3.105555659,,,,,,,,,,,,,
0.507877595,0.435373663,,,,,,,,,,,,,
0.439090909,1.233808964,,,,,,,,,,,,,
0.438839398,0.750801784,,,,,,,,,,,,,
0.497674419,0.506675133,,,,,,,,,,,,,
0.419201281,1.023704395,,,,,,,,,,,,,
0.433487417,0.054379941,,,,,,,,,,,,,
0.392344498,0.839389919,,,,,,,,,,,,,
0.486199689,2.56567371,,,,,,,,,,,,,
0.444890077,1.206106839,,,,,,,,,,,,,
0.450290484,2.292232008,,,,,,,,,,,,,
0.476898859,0.303218131,,,,,,,,,,,,,
0.43373494,1.206072829,,,,,,,,,,,,,
0.481894933,1.86202272,,,,,,,,,,,,,
0.601547389,0.000318034,,,,,,,,,,,,,
0.425944597,1.434112889,,,,,,,,,,,,,
0.137829912,17.34995738,,,,,,,,,,,,,
0.140277778,26.08775337,,,,,,,,,,,,,
0.11415883,13.11518744,,,,,,,,,,,,,
0.216990914,29.04061542,,,,,,,,,,,,,
0.086383314,27.17037087,,,,,,,,,,,,,
0.208074082,0.780946143,,,,,,,,,,,,,
0.549101181,1.338794273,,,,,,,,,,,,,
0.513986014,0.346839472,,,,,,,,,,,,,
0.545714286,0.094745245,,,,,,,,,,,,,
0.545454545,0.001094622,,,,,,,,,,,,,
0.464617769,0.155329427,,,,,,,,,,,,,
0.575052854,0.085065142,,,,,,,,,,,,,
0.533478348,0.96093294,,,,,,,,,,,,,
0.448773449,0.528044306,,,,,,,,,,,,,
0.509040922,0.68269103,,,,,,,,,,,,,
0.727272727,0.001022575,,,,,,,,,,,,,
0.577675489,0.463608215,,,,,,,,,,,,,
0.428393524,0.856994414,,,,,,,,,,,,,
0.425354462,0.787381465,,,,,,,,,,,,,
0.454545455,0.044292111,,,,,,,,,,,,,
0.498106061,0.311919822,,,,,,,,,,,,,
0.454545455,0.01724006,,,,,,,,,,,,,
0.497835498,0.47881053,,,,,,,,,,,,,
0.480578279,0.693200396,,,,,,,,,,,,,
0.457372415,0.235699361,,,,,,,,,,,,,
0.263867827,9.000335597,,,,,,,,,,,,,
0.051282051,0.080083587,,,,,,,,,,,,,
0.179928077,19.23893011,,,,,,,,,,,,,
0.082021782,8.305768347,,,,,,,,,,,,,
0.202811396,23.28887729,,,,,,,,,,,,,
0.176027849,0.232399609,,,,,,,,,,,,,
0.13553719,11.57575845,,,,,,,,,,,,,
0.194060745,18.50367262,,,,,,,,,,,,,
0.04381161,27.04410355,,,,,,,,,,,,,
0.087450927,26.27607214,,,,,,,,,,,,,
0.11068477,6.335488425,,,,,,,,,,,,,
0.041322314,22.74077645,,,,,,,,,,,,,
0.120661157,35.05969199,,,,,,,,,,,,,
0.153060104,12.59384363,,,,,,,,,,,,,
0.61653971,0.151752143,,,,,,,,,,,,,
0.42989899,2.242990902,,,,,,,,,,,,,
0.293668054,1.389881933,,,,,,,,,,,,,
0.048163757,42.08076694,,,,,,,,,,,,,
0.456299841,5.740114452,,,,,,,,,,,,,
0.477369852,1.220380928,,,,,,,,,,,,,
0.545454545,3.34E-06,,,,,,,,,,,,,
0.416161616,0.591716609,,,,,,,,,,,,,
0.363636364,0.00689715,,,,,,,,,,,,,
0.454545455,0.357836015,,,,,,,,,,,,,
0.636363636,0.012563742,,,,,,,,,,,,,
0.545454545,0.006671679,,,,,,,,,,,,,
0.492424242,1.11452846,,,,,,,,,,,,,
0.408757909,18.12111358,,,,,,,,,,,,,
0.636363636,0.001743914,,,,,,,,,,,,,
0.495867769,1.487304596,,,,,,,,,,,,,
0.525489004,0.299544134,,,,,,,,,,,,,
0.472820256,2.385034339,,,,,,,,,,,,,
0.44978355,7.752156035,,,,,,,,,,,,,
0.490909091,0.32416285,,,,,,,,,,,,,
0.454545455,0.021683337,,,,,,,,,,,,,
0.160937102,1.493238695,,,,,,,,,,,,,
0.11399259,34.31208633,,,,,,,,,,,,,
0.111206996,12.32167547,,,,,,,,,,,,,
0.161956645,25.16027207,,,,,,,,,,,,,
0.127701255,7.331455748,,,,,,,,,,,,,
0.133960634,32.24120012,,,,,,,,,,,,,
0.086915668,12.88912376,,,,,,,,,,,,,
0.126436782,25.43402904,,,,,,,,,,,,,
0.489110355,25.97493019,,,,,,,,,,,,,
0.396969697,0.175879422,,,,,,,,,,,,,
0.448759246,0.116338906,,,,,,,,,,,,,
0.464150549,1.321765732,,,,,,,,,,,,,
0.509803922,0.60396881,,,,,,,,,,,,,
0.529388715,1.349125655,,,,,,,,,,,,,
0.550171378,0.155320919,,,,,,,,,,,,,
0.466956328,5.987841977,,,,,,,,,,,,,
0.531693845,13.48857296,,,,,,,,,,,,,
0.492505702,0.873012887,,,,,,,,,,,,,
0.215157662,12.61602494,,,,,,,,,,,,,
0.637757667,0.603895244,,,,,,,,,,,,,
0.507189542,2.247107584,,,,,,,,,,,,,
0.337307275,26.63208148,,,,,,,,,,,,,
0.430155211,0.405432575,,,,,,,,,,,,,
0.545454545,0.004468106,,,,,,,,,,,,,
0.363636364,0.008979961,,,,,,,,,,,,,
0.636363636,2.06E-05,,,,,,,,,,,,,
0.526779315,0.298378087,,,,,,,,,,,,,
0.403279369,1.718266303,,,,,,,,,,,,,
0.528598698,0.360748038,,,,,,,,,,,,,
0.496274218,0.173545374,,,,,,,,,,,,,
0.454545455,0.03433683,,,,,,,,,,,,,
0.489067894,2.039693924,,,,,,,,,,,,,
0.454545455,0.033887002,,,,,,,,,,,,,
0.255485083,0.183923147,,,,,,,,,,,,,
0.138768807,10.90649809,,,,,,,,,,,,,
0.102149877,34.40939145,,,,,,,,,,,,,
0.143939394,0.78519522,,,,,,,,,,,,,
0.160508309,35.46083964,,,,,,,,,,,,,
0.095206612,21.06789391,,,,,,,,,,,,,
0.18542064,22.62151733,,,,,,,,,,,,,
0.162643154,42.13588929,,,,,,,,,,,,,
0.440128558,5.362035593,,,,,,,,,,,,,
0.486194826,1.611678805,,,,,,,,,,,,,
0.488636364,2.066723573,,,,,,,,,,,,,
0.346386946,0.820339064,,,,,,,,,,,,,
0.514531278,0.816354329,,,,,,,,,,,,,
0.386462023,30.48777296,,,,,,,,,,,,,
0.438455988,11.50256316,,,,,,,,,,,,,
0.470564228,0.018484134,,,,,,,,,,,,,
0.449707156,2.33838832,,,,,,,,,,,,,
0.636363636,0.035448633,,,,,,,,,,,,,
0.454545455,0.006515944,,,,,,,,,,,,,
0.545454545,1.38E-05,,,,,,,,,,,,,
0.498251748,0.809088165,,,,,,,,,,,,,
0.454545455,0.029929579,,,,,,,,,,,,,
0.479144385,0.71712129,,,,,,,,,,,,,
0.453569495,0.923061881,,,,,,,,,,,,,
0.520493457,3.761723203,,,,,,,,,,,,,
0.53219697,0.402463393,,,,,,,,,,,,,
0.414192353,28.57817438,,,,,,,,,,,,,
0.417906336,1.008185496,,,,,,,,,,,,,
0.419753086,0.137312436,,,,,,,,,,,,,
0.454545455,1.008327248,,,,,,,,,,,,,
0.513833992,0.547265346,,,,,,,,,,,,,
0.636363636,0.003656586,,,,,,,,,,,,,
0.423028191,1.221135466,,,,,,,,,,,,,
0.414307004,0.396704304,,,,,,,,,,,,,
0.518967874,1.531780354,,,,,,,,,,,,,
0.475903153,1.63253598,,,,,,,,,,,,,
0.591453971,0.046517702,,,,,,,,,,,,,
0.171550802,25.30425101,,,,,,,,,,,,,
0.16172918,8.463975155,,,,,,,,,,,,,
0.045149481,1.852549436,,,,,,,,,,,,,
0.143636364,18.66933851,,,,,,,,,,,,,
0.158432342,27.31536369,,,,,,,,,,,,,
0.149294258,27.33393132,,,,,,,,,,,,,
0.144638695,23.55618802,,,,,,,,,,,,,
0.158420527,0.230396362,,,,,,,,,,,,,
0.271877857,0.687480979,,,,,,,,,,,,,
0.146491655,3.076783107,,,,,,,,,,,,,
0.219643759,21.39925301,,,,,,,,,,,,,
0.235630859,16.79345053,,,,,,,,,,,,,
0.054184226,0.526932286,,,,,,,,,,,,,
0.078947368,12.3629629,,,,,,,,,,,,,
0.112295665,22.30683408,,,,,,,,,,,,,
0.050592885,32.99087894,,,,,,,,,,,,,
0.576875901,0.08451629,,,,,,,,,,,,,
0.540808276,1.923110027,,,,,,,,,,,,,
0.570530423,0.08723311,,,,,,,,,,,,,
0.408966796,3.718246039,,,,,,,,,,,,,
0.530118256,0.094442597,,,,,,,,,,,,,
0.527189705,0.288762115,,,,,,,,,,,,,
0.502081395,0.549653751,,,,,,,,,,,,,
0.548345661,0.064334412,,,,,,,,,,,,,
0.423867155,1.036836851,,,,,,,,,,,,,
0.406865861,0.69615627,,,,,,,,,,,,,
0.261617439,3.508428062,,,,,,,,,,,,,
0.440610484,0.26928684,,,,,,,,,,,,,
0.503685504,0.97313643,,,,,,,,,,,,,
0.422936542,16.99372423,,,,,,,,,,,,,
0.490690881,0.596965849,,,,,,,,,,,,,
0.480787254,3.350269387,,,,,,,,,,,,,
0.285667876,0.670931424,,,,,,,,,,,,,
0.469742198,0.230440347,,,,,,,,,,,,,
0.446092018,0.785570145,,,,,,,,,,,,,
0.545454545,0.081497372,,,,,,,,,,,,,
0.41002331,31.74492927,,,,,,,,,,,,,
0.545454545,0.0038858,,,,,,,,,,,,,
0.636363636,0.000115683,,,,,,,,,,,,,
0.232057416,0.801399876,,,,,,,,,,,,,
0.546666667,0.053864747,,,,,,,,,,,,,
0.456239648,1.051250456,,,,,,,,,,,,,
0.429175476,0.185668823,,,,,,,,,,,,,
0.45299288,1.593325014,,,,,,,,,,,,,
0.503030303,0.811047651,,,,,,,,,,,,,
0.515580687,0.960579241,,,,,,,,,,,,,
0.529499541,1.059304903,,,,,,,,,,,,,
0.493355372,0.574013911,,,,,,,,,,,,,
0.473040306,0.478072241,,,,,,,,,,,,,
0.413875598,0.567099786,,,,,,,,,,,,,
0.43835967,0.890740755,,,,,,,,,,,,,
0.453225636,0.589235871,,,,,,,,,,,,,
0.436711614,0.57797632,,,,,,,,,,,,,
0.545454545,0.000186591,,,,,,,,,,,,,
0.429353779,0.108027624,,,,,,,,,,,,,
0.452552738,0.049400595,,,,,,,,,,,,,
0.561420398,6.471137744,,,,,,,,,,,,,
0.129286923,27.50578512,,,,,,,,,,,,,
0.042929293,6.428971084,,,,,,,,,,,,,
0.134651308,22.1750989,,,,,,,,,,,,,
0.199412761,19.2617594,,,,,,,,,,,,,
0.129023151,32.30327546,,,,,,,,,,,,,
0.048373645,5.202869495,,,,,,,,,,,,,
0.046753247,37.21224153,,,,,,,,,,,,,
0.160583709,11.68830448,,,,,,,,,,,,,
0.121803178,6.331279875,,,,,,,,,,,,,
0.446364925,2.901761207,,,,,,,,,,,,,
0.46156837,2.970104075,,,,,,,,,,,,,
0.418855219,0.240685462,,,,,,,,,,,,,
0.443469175,0.32470529,,,,,,,,,,,,,
0.395256917,0.145745526,,,,,,,,,,,,,
0.434449761,0.373290843,,,,,,,,,,,,,
0.539405976,0.786083207,,,,,,,,,,,,,
0.450070323,1.939033144,,,,,,,,,,,,,
0.454545455,0.023405964,,,,,,,,,,,,,
0.454545455,0.017264309,,,,,,,,,,,,,
0.434888011,0.612162969,,,,,,,,,,,,,
0.463956334,16.50014705,,,,,,,,,,,,,
0.350978136,0.002131705,,,,,,,,,,,,,
0.151103984,26.82722979,,,,,,,,,,,,,
0.320905596,3.724505262,,,,,,,,,,,,,
0.15959596,37.81594758,,,,,,,,,,,,,
0.475206612,0.214339886,,,,,,,,,,,,,
0.421286031,0.191703455,,,,,,,,,,,,,
0.370911457,1.618728344,,,,,,,,,,,,,
0.466576285,15.21502059,,,,,,,,,,,,,
0.466005368,0.47193494,,,,,,,,,,,,,
0.490358127,1.022882077,,,,,,,,,,,,,
0.38630303,1.741913152,,,,,,,,,,,,,
0.363636364,0.009727974,,,,,,,,,,,,,
0.439463762,1.470762061,,,,,,,,,,,,,
0.459647218,0.304082959,,,,,,,,,,,,,
0.476744589,1.401095342,,,,,,,,,,,,,
0.419807834,1.104275695,,,,,,,,,,,,,
0.466081871,0.353981756,,,,,,,,,,,,,
0.454545455,0.019571341,,,,,,,,,,,,,
0.416818054,26.26962964,,,,,,,,,,,,,
0.434625136,0.000110165,,,,,,,,,,,,,
0.465953654,5.014486087,,,,,,,,,,,,,
0.304202845,0.00323413,,,,,,,,,,,,,
0.363636364,0.012088904,,,,,,,,,,,,,
0.169448445,0.69544206,,,,,,,,,,,,,
0.469313387,1.825094887,,,,,,,,,,,,,
0.500285878,1.094514821,,,,,,,,,,,,,
0.418831169,0.188063571,,,,,,,,,,,,,
0.428393524,0.856509329,,,,,,,,,,,,,
0.437052342,1.199633725,,,,,,,,,,,,,
0.428393524,0.85638799,,,,,,,,,,,,,
0.363636364,1.31E-05,,,,,,,,,,,,,
0.468238636,0.42448069,,,,,,,,,,,,,
0.432734872,4.067353795,,,,,,,,,,,,,
0.491563992,1.384253388,,,,,,,,,,,,,
0.415882968,0.382231299,,,,,,,,,,,,,
0.195532915,0.483612967,,,,,,,,,,,,,
0.529585951,0.472367255,,,,,,,,,,,,,
0.404155844,0.229431471,,,,,,,,,,,,,
0.418524871,1.409216675,,,,,,,,,,,,,
0.458798511,0.232702007,,,,,,,,,,,,,
0.534238489,0.296992354,,,,,,,,,,,,,
0.449350649,0.699940711,,,,,,,,,,,,,
0.456665745,0.226585033,,,,,,,,,,,,,
0.150582176,25.27962581,,,,,,,,,,,,,
0.155098183,27.9872476,,,,,,,,,,,,,
0.454545455,0.13544908,,,,,,,,,,,,,
0.421242124,0.852279792,,,,,,,,,,,,,
0.41982684,3.643373124,,,,,,,,,,,,,
0.345454545,0.112874755,,,,,,,,,,,,,
0.40719697,1.71988969,,,,,,,,,,,,,
0.487603306,0.795165691,,,,,,,,,,,,,
0.530499803,0.028612842,,,,,,,,,,,,,
0.510760912,0.95440995,,,,,,,,,,,,,
0.4370542,1.477257318,,,,,,,,,,,,,
0.596464646,0.016807094,,,,,,,,,,,,,
0.311619869,0.156894483,,,,,,,,,,,,,
0.545454545,0.012098834,,,,,,,,,,,,,
0.442101926,2.26181203,,,,,,,,,,,,,
0.281751946,2.946105393,,,,,,,,,,,,,
0.454762262,0.20536091,,,,,,,,,,,,,
0.504708625,0.341660187,,,,,,,,,,,,,
0.50908609,0.418249492,,,,,,,,,,,,,
0.340168603,1.288916226,,,,,,,,,,,,,
0.435992579,0.013844419,,,,,,,,,,,,,
0.487693333,0.350071289,,,,,,,,,,,,,
0.454545455,0.065541106,,,,,,,,,,,,,
0.526254634,0.966379346,,,,,,,,,,,,,
0.488372093,1.094337676,,,,,,,,,,,,,
0.487484849,1.957297199,,,,,,,,,,,,,
0.55674391,0.126821445,,,,,,,,,,,,,
0.144638695,6.963862095,,,,,,,,,,,,,
0.109611975,25.28077561,,,,,,,,,,,,,
0.424242424,1.116431704,,,,,,,,,,,,,
0.452417148,10.68975797,,,,,,,,,,,,,
0.484230056,0.649065619,,,,,,,,,,,,,
0.502392344,0.041172014,,,,,,,,,,,,,
0.462322015,0.641554307,,,,,,,,,,,,,
0.408293461,1.242144152,,,,,,,,,,,,,
0.434227871,0.375052974,,,,,,,,,,,,,
0.438522516,1.974911935,,,,,,,,,,,,,
0.545454545,1.94E-05,,,,,,,,,,,,,
0.413489736,0.03956564,,,,,,,,,,,,,
0.404040404,0.020800132,,,,,,,,,,,,,
0.484755501,6.674649391,,,,,,,,,,,,,
